author,category,con,conlink,date,link,title
外交部网站,大陆,"
,
    ,
        ,
        ,原标题：外交部发言人陆慷就中美建交40周年发表谈话2019年，中美将迎来建交40周年。40年来，中美,
        ,
    ,
    ,
       ,
        ,原标题：外交部发言人陆慷就中美建交40周年发表谈话,2019年，中美将迎来建交40周年。40年来，中美关系历经风雨，砥砺前行。中美交流与合作取得了历史性的发展。40年前，中美人员往来每年仅几千人次，2017年双方人员往来已超过530万人次。40年前，中美贸易额不足25亿美元，2017年双边贸易额已超过5800亿美元。40年前，中美相互投资几乎为零，2017年两国间各类投资总额累计超过2300亿美元。40年来，从推动地区热点妥善解决到反对国际恐怖主义，从应对国际金融危机到促进全球经济增长，中美在双边、地区、全球层面开展了广泛合作。事实充分证明，中美关系的发展不仅给两国人民带来巨大利益，也有力地促进了亚太地区和世界的和平、稳定、繁荣。,中美关系40年取得的进展来之不易，其中的历史经验值得汲取。双方要坚持理性客观地看待彼此战略意图，加强战略沟通，增进战略互信，防止战略误判。要坚持中美合作的大方向，不断拓展互利合作领域，更好地惠及两国人民。要坚持尊重彼此主权、安全、发展利益，妥善处理和管控分歧，防止两国关系大局受到干扰。要坚持扩大两国人民交往，不断夯实中美关系的社会基础。,经过40年的发展，中美关系已站在新的历史起点上。面对新机遇新挑战，中方愿同美方一道，落实好习近平主席和特朗普总统阿根廷会晤达成的重要共识，在互惠互利基础上拓展合作，在相互尊重基础上管控分歧，推进以协调、合作、稳定为基调的中美关系，让中美合作更多更好地造福两国人民和世界各国人民。,
      ,
    ,
",http://news.ifeng.com/a/20181230/60218807_0.shtml,2018年12月30日 14:21:00,http://news.ifeng.com/mainland/,外交部发言人陆慷就中美建交40周年发表谈话
新华通讯社,大陆,"
,
    ,
        ,
        ,原标题：农业农村部：明年全国粮食产量要稳定在1.2万亿斤以上新华社北京12月30日消息，中央农办主任,
        ,
    ,
    ,
       ,
        ,原标题：农业农村部：2019年全国粮食产量要稳定在1.2万亿斤以上,中央农办主任、农业农村部部长韩长赋30日提出，2019年全国粮食播种面积要稳定在16.5亿亩、粮食产量要稳定在1.2万亿斤以上。,韩长赋在当天召开的全国农业农村厅局长会议上说，2018年，我国粮食生产保持稳定，总产量达到13158亿斤，又是一个丰收年。同时，保障国家粮食安全，始终是农业农村部门的首要职责，这根弦任何时候都不能松。,他提醒说，要高度重视有些地方忽视粮食生产的倾向和粮食供求关系发生的变化，保面积、稳政策、抗灾夺丰收。,韩长赋表示，今后将稳定和完善粮食生产扶持政策，完善稻谷、小麦最低收购价政策和农业直接补贴制度，保障种粮合理收益；开展粮食安全省长责任制考核，调动地方抓粮、农民种粮积极性。,同时，推进科学抗灾夺丰收，加强灾情和病虫害监测预警，积极应对可能发生的旱涝灾害，深入推进绿色优质高效行动，实施大豆良种增产增效计划，鼓励粮食规模化生产，培育社会化生产服务主体，增强风险防范能力。,2019年，农业农村部将在全国再创建100个全程机械化示范县，重点补齐玉米机收、水稻机插等短板环节，促进粮食和农业生产降成本、提效益。,韩长赋还表示，落实藏粮于地、藏粮于技战略，首先要抓好农田建设。到2020年要确保建成8亿亩高标准农田，明后两年每年都要完成8000万亩以上；全面推进粮食生产功能区和重要农产品生产保护区划定，确保完成10.58亿亩划定任务。,
      ,
    ,
",http://news.ifeng.com/a/20181230/60218912_0.shtml,2018年12月30日 15:42:00,http://news.ifeng.com/mainland/,农业农村部：明年全国粮食产量要稳定在1.2万亿斤以上
央视新闻移动网,大陆,"
,
,
// @TODO: 视频播放器和播放列表数据
define(""video.info"", [], function () {
return [
{
  vid: ""01bf2dc5-20f9-4341-9cd6-e9ed1ec5489e"",
  title: ""【我和我的祖国】一场青春快闪 一曲爱国赞歌"",
  previewImg: ""http://p0.ifengimg.com/pmop/2018/12/30/wf2_4963940_130606_sizeb_w480_h360.jpg"",
  source: ""新时代"",
  duration: ""05'55''"",
  id:"""" }
  ];});
   ,
            ,
                ,
                    ,
                    ,
                ,
                ,
                ,
                ,
                ,
                ,
                ,自动播放,
                ,
                    .icon-video {
                        position: absolute;
                        top: 50%;
                        left: 50%;
                        display: block;
                        width: 72px;
                        height: 72px;
                        margin: -29px 0 0 -29px;
                        background: url(//p0.ifengimg.com/fe/news_detail/images/vIcon_230062a8.png) no-repeat 0 0;
                        cursor: pointer;
                    }

                    .bigVedio {
                        position: relative;
                    }

                    .picDiv {
                        display: block;
                    }

                    .videoDiv {
                        display: none;
                    }

                    #autoplay {
                        vertical-align: middle;
                    }

                    .txtTip {
                        padding-left: 5px;
                        font-size: 12px;
                        color: #666;
                    }
                ,
                
                    ,
    // @TODO: 视频播放器和播放列表
    if (device.type === ""pc"") {
      creatTasker(5, [""video.pc"", ""video.info""], function(Video, videoInfo) {
        
        var settings = {
          // //播放列表单页内容最大数
          // videoListPageSize: 4,
          // //当前播放内容索引值
          // playIndex: 0,
          // //falsh文件
          //flashSWF: 'http://vxml.ifengimg.com/swf/zuhe/zuhePlayer_v1.0.41.swf',
          // flashSWF: 'http://vxml.ifengimg.com/swf/vZHPlayer_v7.0.3.swf',
             flashSWF: '//p1.ifengimg.com/a/2018/0810/vZHPlayer_v7.0.4.swf',
          // //flash宽
          // flashWidth: 480,
          // //flash高
          // flashHeight: 380
          //列表容器id
          videoListId: 'js_video_list',
          //播放信息容器id
          videoInfoId: 'js_video_info',
          //内容列表
          videoListData: videoInfo    
        };
        
        var video = new Video(settings);
        var imgbtn = document.getElementById('imgbtn');
        var iconbtn = document.getElementById('iconbtn');
        var Util = {};
        Util.getCookie = function (name) {
            var arg = name + ""="";
            var alen = arg.length;
            var clen = document.cookie.length;
            var i = 0;
            while (i < clen) {
                var j = i + alen;
                if (document.cookie.substring(i, j) == arg) {
                    return (function(offset){
                        var endstr = document.cookie.indexOf ("";"", offset);
                        if (endstr == -1) {
                            endstr = document.cookie.length;
                        }
                        return decodeURIComponent(document.cookie.substring(offset, endstr));
                    })(j);
                }
                i = document.cookie.indexOf("" "", i) + 1;
                if (i == 0) break; 
            }
            return """";
        };

        var flagPlay = Util.getCookie('cookieBloone');
        var outDiv = document.getElementById('js_videoBox');
        var outDiv1 = document.getElementById('js_videoBox1');
        if (flagPlay == 'true') {
            outDiv.style.display = ""block"";
            outDiv1.style.display = ""none"";
            video.init('true');
        }else if (flagPlay == 'false'){
            video.init('true');
            imgbtn.onclick = function(){
                outDiv.style.display = ""block"";
                outDiv1.style.display = ""none"";
            }
            iconbtn.onclick = function(){
                outDiv.style.display = ""block"";
                outDiv1.style.display = ""none"";
            }
        }else{
            outDiv1.style.display = ""none"";
            outDiv.style.display = ""block"";
            video.init('true');
        }

      }, ""next"", ""视频和列表"");
    
    } else {
      creatTasker(5, [""video.mobile"", ""video.info""], function(Video, videoInfo) {
        new Video(document.getElementById(""js_videoBox""), videoInfo);
      }, ""next"", ""视频"");
    }
  if(device.type != ""pc""){
    document.write('<style>.videoDiv{display: block;}.picDiv{display:none;}<\/style>');
  }
,
                

            ,
            ,
                if (device.type != ""pc"") {
                    document.write('<style>.videoDiv{display: block;}.picDiv{display:none;}<\/style>');
                }
            ,
            ,.fck_attachment_video{display: none},
    ,
        ,
        ,
        ,
    ,
    ,
       ,
        ,原标题：【我和我的祖国】一场青春快闪 一曲爱国赞歌,“我的事业在中国，我的成就在中国，我的归宿在中国”，这是我国航天之父钱学森对祖国的挚爱之言。他冲破重重阻挠，回到祖国怀抱的故事感动了几代人。如今，为了纪念钱学森而修建的钱学森图书馆就坐落在上海交通大学徐汇校区内。,元旦临近，上海交通大学的师生们齐聚钱学森图书馆，用一场洋溢着青春和热情的快闪，演绎了一曲《我和我的祖国》，以此表达爱国之情。,此次上海交通大学的快闪活动，拍摄的场地就设在钱学森图书馆，这个占地9300平方米的图书馆，也是上海市爱国主义教育基地。图书馆里收藏了钱老大量的书信、科研手稿等实物，甚至还包括了我国“两弹结合”发射试验使用的导弹实体，让每一个参观者都能直观地感受到钱老对祖国航天事业的耕耘和奉献。来这里参观，也是上海交大新生入学的第一课。,上海交通大学快闪活动导演张亚光：,在这个样一个地方，我们回想老一代科学家在那么艰苦的情况下，能够研发高精尖的科学技术，非常不容易。这样用音乐和实景能够营造的那种震撼的感觉，我相信会不一样。,上海交大《我和我的祖国》快闪活动参与者超过200名，除了在校大学生作为主力担当之外，两位老教授的现场演奏也颇具创意。他们是改革开放后第一对留学美国、并双双取得博士学位后归国的刘西拉和陈陈夫妇。,上海交通大学船舶海洋与建筑工程学院教授刘西拉：,《我和我的祖国》在我们那时候，好多年以前，我们也唱。这里面很多东西啊是需要用歌曲把它沟通起来，如果我们不同年代的人都有这样一个共同的心声的话，我可以告诉你，这个我们就觉得我们这一代人年纪大了，这是七八十岁的人会感到非常欣慰，非常放心。,刘西拉教授和陈陈教授如今都已经年逾八十，依然坚守在教学一线。刘老说，他们是伴随着中国的发展而成长的一代，为祖国奉献自己的一生是他们这一代人最美好的志愿，而如今他们仍然在身体力行传承着这份责任。,上海交通大学船舶海洋与建筑工程学院教授刘西拉：,我们是代表着一代人，是在党的培养下，从贫困落后情况一步步走来。我们要唱出这一代人的精神。爱国是什么？爱国对我们来讲，就是中国人基因。,上海交通大学机械与动力工程学院机械工程钱学森班孙欣钰：,我觉得我们不是简简单单地说出爱国，而更重要的是要把我们的精神、我们的动力去投入到国家所需要的事情上去。我们去聆听时代的召唤，去看看这个时代究竟需要我们去做什么。我们必须要有一个长远伟大的目标去将自己的命运和国家时代的命运结合起来。（央视记者马力上海交通大学通讯员邹佳雯谢晶）,
      ,
    ,
",http://news.ifeng.com/a/20181230/60219033_0.shtml,2018年12月30日 16:49:26,http://news.ifeng.com/mainland/,一场青春快闪 一曲爱国赞歌
环球网,大陆,"
,
    ,
        ,
        ,
        ,
    ,
    ,
       ,
        ,原标题：扬子鳄保护区遭侵占：32名干部被问责 含厅级干部11人,日前，省委常委、省纪委书记、监委主任刘惠同志集体约谈了省林业局、宣城市委、泾县县委等涉扬子鳄国家级保护区被侵占事件7个相关责任单位党组织主要负责人。,刘惠同志指出，扬子鳄保护区被违规侵占，是一起严重的生态环境事件。事件的发生反映了相关责任单位政治意识不强，法治观念淡薄，重经济发展轻生态保护，发展理念存在偏差。,刘惠同志强调，各相关责任单位要提高政治站位，树牢“四个意识”、坚决做到“两个维护”，全面贯彻习近平生态文明思想，自觉扛起主体责任；要认真落实省委关于扬子鳄保护区有关问题整改工作的决策部署，明确整改责任，落实整改要求，绝不容许打折扣、搞变通；要严格执行省委问责决定，做好受问责党员干部的思想政治工作，引导受问责干部放下思想包袱，轻装上阵、履责担当；要切实举一反三，认真查找本地区、本部门贯彻落实习近平生态文明思想方面存在的问题，牢牢守住发展和生态两条底线。,近日，经自然资源部、省委省政府调查，在“事实要准、表述要准、定性要准、责任要清”的基础上，省委常委会审议决定了对扬子鳄国家级保护区被侵占事件相关责任单位和责任领导干部的问责事项，共对21个党组织和32名党员领导干部，分别以责令检查、诫勉、党纪政务处分、组织处理等方式进行了严肃问责。其中，问责厅级干部11人、县处级干部13人，乡科级及以下8人。,【此前报道】,扬子鳄保护区遭侵占当地官员曾表示：谁说不能占！,近日，生态环境部就侵占破坏自然保护区问题约谈了部分地方和相关部门。其中，安徽宣城市市长因“安徽扬子鳄国家级自然保护区违规侵占保护区核心区，存在大量违规占地的建筑，严重破坏扬子鳄栖息环境”的问题被约谈。,保护区被侵占的面积约有400个足球场大小,扬子鳄国家级自然保护区主要位于安徽宣城市，主要保护扬子鳄及其生活环境。扬子鳄是中国特有的珍稀物种，由于野外栖息地遭受人为破坏等原因，野生种群走向衰落，目前仅存150多条，远少于野生大熊猫数量。,督察人员查证，从2003年开始到2018年间，扬子鳄保护区的核心区被侵占的面积达到3平方公里，相当于400多个标准足球场面积。,当地官员曾表示：土地是自己的，凭什么不能占？,我国法律对自然保护区有严格的规定，核心区内严格禁止单位和个人进入，甚至连科学研究也受严格限制，更不要说开发和经营活动。而野生扬子鳄孵化成活率只有2%，这些工厂、酒店、别墅群显然已经背离了保护区的生态功能。,扬子鳄国家级自然保护区管理局局长朱红星：“目前开发区拆是不可能了，已经是城市了，到处都是工厂。县长县委书记说，这土地是他们的，为什么不能用。我们说这是保护区不能搞。他们就说不搞也得搞，如果上面追究责任，他们搞几个人出来顶。”,开辟相同面积的山地“充当”侵占的湿地,为了掩饰对保护区的侵占，在安徽省林业厅的主持下，保护区的附近又开辟了相同面积的区域作为填充。,调查发现，由安徽省林科院编制的扬子鳄自然保护区的界桩图，比国务院批复的规划图整体向东北方向偏移，其中向东偏移约2.4公里，向北偏移约1公里。侵占的是湿地，补回来的却是山地。,由于扬子鳄生活在水里，因此山地根本不适合扬子鳄生存。,中央环保督察后现场未改观新项目仍在运行,根据遥感监测报告显示，安徽扬子鳄国家级自然保护区存在58处人类活动变化，其中16个遥感监测位点处于核心区。,记者在当地政府官网上看到，网站有专门开辟的中央环保督察整改的专题界面。其中，就扬子鳄保护区的问题提出要开展拉网式清查，拆除非法建设，恢复自然生态环境，并要求在2017年11月15日前完成所有整改工作。然而记者发现，即使在中央环保督察后，现场仍未改观，一些新项目、企业、培训中心仍在运行。,科大讯飞观塘基地工作人员：“一般省里的干部都到这里来开会，政府的人也在这里开会。这里环境好、空气好。现在正在建造的是别墅，是我们这里的培训基地。”,朱红星透露，中央环保督察之后，“就有政府官员在（整改）大会上面指责我们说，你保护区内4万5千人，就为了保护这100多条扬子鳄，到底是要人还是要鳄鱼？”,市长被约谈科大讯飞：已停工事先不知情,针对发现的问题，生态环境部已约谈安徽宣城市市长，要求政府在20个工作日内将相关整改方案及查处情况进行上报。宣城市委书记陶方启也于10月13日赶赴泾县，督导扬子鳄国家级自然保护区管理和环保督查整改工作。,此外，涉事企业科大讯飞在10月14日对此次事件作出了书面答复，承认了观塘科技岛是讯飞子公司设立在泾县经济开发区内的IT产业研发中心，但强调项目入驻前，开发区内已有上百家企业，公司对该经济开发区位于扬子鳄国家级自然保护区并不知情。,科大讯飞方面还在“声明”中称，“当得知该中心位于扬子鳄国家级自然保护区后，已立刻停止该中心的运营，将全面配合整改工作。”,
      ,
    ,
",http://news.ifeng.com/a/20181230/60219100_0.shtml,2018年12月30日 17:05:00,http://news.ifeng.com/mainland/,扬子鳄保护区遭侵占32人被问责 含11名厅官
中经文化产业,大陆,"
,
    ,
        ,
        ,
        ,
    ,
    ,
       ,
        ,原标题：""两区、三带、多点、一圈"":北京市文旅融合规划正在起草权,中经文化产业：12月29日，北京市召开文化旅游融合现场推进会。市委常委、宣传部部长杜飞进、副市长王红实地走访调研并出席座谈交流会。杜飞进对北京市做好文旅融合工作提出了新要求。,“中经文化产业”还了解到，北京市近日已起草《推进北京市文化和旅游融合发展的实施意见（讨论稿）》，其中提出北京将构建“两区、三带、多点、一圈”的历史文化旅游游览空间，创新文化旅游产品体系，围绕重点领域实施5项精品工程，并建立文化旅游融合发展的统计与评价机制。,▲文化旅游融合现场推进会现场图片来源：北京发布（ID：beijingfabu）,文化旅游融合现场推进会召开,杜飞进提出新要求,12月29日，北京市召开文化旅游融合现场推进会。北京市委常委、宣传部部长杜飞进、副市长王红实地走访调研并出席座谈交流会。,当天上午，调研组考察了故宫博物院、北京坊等旅游单位。会上，北京市园林绿化局、东城区、丰台区、门头沟区、怀柔区、工美集团6家单位进行交流发言。市文化和旅游局汇报北京市文化旅游融合发展的现状，以及相关政策制定情况。,▲北京市委常委、宣传部部长杜飞进出席会议并讲话，对本市文化和旅游融合发展提出新要求。 图片来源：北京发布（ID：beijingfabu）,杜飞进指出，要深刻领会习近平总书记关于文化和旅游工作的重要论述，切实增强推进文化旅游深度融合的主动性自觉性。推进文化旅游深度融合，是首都高质量发展的战略选择。文化和旅游融合是高质量发展的重要着力点。,旅游不仅要融入文化产业，提升旅游创意水平和文化内涵；也要融入文化事业，以旅游的市场化运作反哺文化事业。,文化要融入旅游“吃、住、行、游、购、娱”各环节，促进其内涵和创意提升。,文化和旅游融合发展要,聚焦全国文化中心建设，在顶层设计上融起来； 聚焦供给侧结构性改革，在高质量发展上融起来； 聚焦文化旅游产品创新，在品牌塑造上融起来； 聚焦构建融合发展机制，在形成合力上融起来。,北京市文化和旅游局局长宋宇在介绍《推进北京市文化和旅游融合发展的实施意见（讨论稿）》（以下简称《实施意见》）制定情况时表示，为深入贯彻《中共中央、国务院关于推动高质量发展的意见》指示精神，市文化和旅游局起草了《实施意见》。主要包括4个方面、22项内容：,一是依托古都风貌，优化空间布局。起草思路是严格落实《北京城市总体规划》，构建“两区、三带、多点、一圈”的历史文化旅游游览空间。具体包括：,构建老城和三山五园地区两大区域的文化旅游景观系统。 打造大运河文化旅游带、西山永定河文化旅游带、长城文化旅游带。 推进城市副中心、奥体公园、雁栖湖国际会都和台湖演艺小镇等文化旅游区域建设。 推动京畿文化旅游圈建设。,二是汇聚文化资源，创新产品体系。围绕古都文化、红色文化、京味文化、创新文化四大主题，加强文博旅游、红色旅游、胡同会馆旅游、乡村文化旅游、文创旅游、演艺旅游、中医旅游、研学旅游八大产品体系建设。,三是围绕重点领域，实施精品工程。推进实体项目建设和产业发展平台建设，实施文化旅游重大项目建设、文化旅游公共服务设施提升、文化精品创作、文化旅游市场推广和文化旅游会议会展促进等五项工程。,四是优化发展环境，完善政策体系。持续深化改革，建立完善促进文化旅游融合发展的体制机制，研究制定资金、土地、人才、技术等全要素政策支撑体系，建立文化旅游融合发展的统计与评价机制。,《实施意见》提出，到2025年，北京市文化和旅游融合发展水平全面提升，文化旅游产品供给体系基本完善，文化产业和旅游业发展实现质量变革、效率变革、动力变革。,推动文旅融合发展,北京市早有动作,宋宇介绍，北京具有非常优越的文化资源和巨大的旅游市场规模，历史文化资源丰富，景区园区种类繁多，餐饮住宿业文化特色突出，乡村文化旅游蓬勃发展，演艺和影视文化旅游市场前景广阔，文化旅游研究力量雄厚、人才资源丰富，正在全力推进的全国文化中心建设，更是为文化和旅游融合发展创造了难得历史机遇，并取得良好发展成效。,▲《深化文旅融合北京释放城市发展新动能》北京市文化旅游融合宣传片,从政策来说，国家层面和北京层面均出台了大量政策，文化和旅游融合发展的环境也在不断深化。,党中央、国务院先后下发了《中华人民共和国旅游法》《关于实施中华优秀传统文化传承发展工程的意见》《国务院关于加快发展旅游业的意见》《全国红色旅游发展规划纲要》《国民旅游休闲纲要》和《国务院关于促进旅游业改革发展的若干意见》，明确了文化和旅游融合的方向和目标。,政策回顾：,中办国办下发《关于实施中华优秀传统文化传承发展工程的意见》（附全文）,权威解读《关于实施中华优秀传统文化传承发展工程的意见》,国务院发文“松绑”旅游业给百姓更大自由选择空间｜解读,北京市各级各部门据此出台了一系列扶持政策，全力优化发展环境。,2014年市委办公厅和市政府办公厅联合印发了《关于加快推进旅游与文化融合发展的意见》。,2015年市政府印发了《,北京市推进文化创意和设计服务与相关产业融合发展行动计划（2015-2020年）,》，提出打造“旅游文化内涵开发行动”。,2017年市发改委牵头出台了《关于培育扩大服务消费优化升级商品消费的实施意见》，确定了丰富文化消费、扩大旅游消费等重点任务。,2017年制发的《北京市人民政府关于进一步加强文物工作的实施意见》中，提出发挥文物资源在促进旅游业发展中的重要作用，打造首都文物旅游品牌。,2018年市委、市政府印发了《关于推进文化创意产业创新发展的意见》，提出文化旅游创新发展的要求。另外，第十二届市委全面深化改革领导小组第九次会议审议通过了原市新闻出版广电局起草的《关于推动北京影视业繁荣发展的实施意见》，助力旅游与影视文化产业融合发展。市财政局通过旅游市对区专项转移支付资金、一般转移支付资金和中央对地方转移支付旅游专项资金，全力支持文化旅游融合发展。,2018年原市文化局牵头制发了《关于推动北京市文化文物单位文化创意产品开发试点工作的实施意见》，积极进行文化和旅游融合发展的政策突破和创新探索。原市旅游委牵头制发的《北京市人民政府关于促进旅游业改革发展的实施意见》，提出文化和旅游融合发展的具体举措。,西城区2013年发布了《关于促进旅游与文化、商业融合发展的意见》，后续又出台了三年行动计划和新三年行动计划，大力推进文化旅游服务消费升级。,文旅融合已取得不少成绩,据北京市文化和旅游局局长宋宇介绍，近年来，北京市创新发展思路，文化和旅游融合发展模式推陈出新，创新型文化旅游融合企业不断涌现，形成一批全新文化旅游资源和产品。,1.坚持模式创新。西城区北京坊文化旅游区注重在整合文化资源、打造区域发展特色上下功夫，利用原本散乱老旧的建筑群，在保留民国风基础上，打造了“一主街、三广场、多胡同”整体空间格局，创造性改变了传统旅游街区小散独的发展模式。,2.坚持理念创新。朝阳区觽（音Xī，“中经文化产业”注）堂综合文化创意艺术园区，积极突破传统园区的租赁经营模式，建设了众多工作室免费提供给30多位顶尖艺术家和设计师使用，并把这些大师整合打造为一个集体开展文化创意的高效团队。游客在园区可以现场观摩和交流文化艺术创作，深化对中国传统文化的直观感受和深度体验。,3.坚持手段创新。凤凰数字科技公司积极适应游客对历史文化活化的需求，开发了《清明上河图3.0》高科技互动艺术展演，运用数字艺术手段诠释中华瑰宝之魅力，游客漫步其中如同穿梭到历史长河。大栅栏“大城小像”文化馆紧密结合北京3000多年建城史的深厚文化底蕴，通过交互式微缩型景观，复原从元朝至今的北京城，运用沉浸式声光特效和互动游戏，惟妙惟肖展示北京历史文化变迁，让游客鲜活感受北京的前世与今生。,近年来，北京市坚持全面发展道路，文化与旅游融合发展形式丰富多彩。,1.坚持资源带动发展。原市文化局依托优质文博、演艺、影视、艺术和科技资源，努力培育文化旅游创意产品开发领军单位和龙头品牌。市文物局利用北京地区博物馆藏品，每年举办400余项展览，并以26个社会历史类、自然科学类和文化艺术类博物馆资源为主题，设计了各具特色的旅游线路产品。平谷区大力开发9大类文化资源，采取挖掘展示本地文化、转化利用旅游资源、做大做强文化旅游活动品牌等方式，对文化旅游资源进行充分利用。密云区以长城、红酒、红色、古堡古村、乡村农耕和鱼文化资源为依托，形成特色文化旅游多点开花的发展格局。延庆区大力开发冬奥、世园会和长城文化，建设了沿长城精品酒店、梦幻长城球幕影院和高端创意民宿项目，取得良好发展效益。同时，各区利用北京得天独厚的红色资源，大力推动红色文化旅游发展并始终引领全国。,2.坚持优势引领发展。原市新闻出版广电局紧密适应休闲时代形势，大力发展影视文化旅游，推动建设了一批高水准影视节目拍摄外景地和影视旅游基地，吸引了众多游客慕名前来体验影视文化旅游的独特乐趣。市公园管理中心创建了市属公园“4+100”科普活动品牌，面向中小学生开展科普和研学游活动，并通过举办系列民俗节庆活动，深化对中华传统文化的认知。,3.坚持项目激活发展。原市文资办积极开发文化旅游消费新模式、新热点，将“十大文化旅游线路”作为北京文化消费品牌榜重要内容，举办文化科技融合发展成果展及文化融合发展项目合作推介会，全力拉动文化旅游消费。原市旅游委注重打造旅游文化活动品牌，通过举办北京国际旅游节、国际旅游博览会、国际旅游商品及旅游装备博览会、北京新年倒计时、北京旅游青年季等活动，提升文化旅游知名度和吸引力。,近年来，北京市坚持市场牵引原则，文化与旅游融合发展成效日益凸显。,1.积极优化产业格局。昌平区积极打造适合市场需求的文化遗产、乡村民俗和军事、温泉、宗教、美食、中医药等文化旅游产品，深受广大游客喜爱。大兴区引导鼓励民间资本和社会力量参与文化旅游产业发展，形成文化特色鲜明、旅游产品丰富的融合发展格局。首旅集团注重推动文化旅游产业和服务转型升级，通过环球主题公园项目肩负起文旅产业发展示范带动责任，把主题公园衍生的娱乐产业作为文化旅游融合的重要载体。,2.推动区域整体发展。东城区全力打造文化遗产旅游区、高星级旅游饭店群、休闲商业旅游街区、文化演艺旅游场馆、民俗文化旅游体验项目和知名旅游购物场所，提升区域整体发展水平。门头沟区设立了规模100亿元的京西文化旅游产业投资基金，吸引社会资本发展文化、旅游产业，通过文化旅游互联互通为区域转型发展增添动力。,3.打造品牌推动发展。海淀区以科技创新为催化剂、以“文旅融合创新”为主题，把体现创新文化的点位融入科教研学旅游线路，开启文化牵手旅游发展的新篇章。房山区以世界地质公园建设发展为引领，以古源、宗教、红色、地质和红酒文化为代表，打造“三源一寺”文旅品牌，推进国际旅游休闲区建设。顺义区通过打造节庆活动树立区域品牌，构建起市、区、企业三级活动架构，形成了“周周有活动、月月有亮点”的生动局面。老舍茶馆以特色剧院和全国10家直营连锁店为平台，全力打造城市文化旅游休闲综合体品牌，努力把老舍茶馆这张“京味儿”文化名片打造成靓丽的“中国”文化名片。,4.适应市场规范发展。原市旅游委2011年创建“北京礼物”旅游特色商品品牌以来，加强与老字号企业、科技企业及设计机构的交流合作，紧贴市场需求深挖和开发北京优势文化资源。同时，利用北京首创的全国第一支旅游产业引导基金、第一个旅游类交易平台、第一个京郊旅游融资担保服务体系和第一个乡村旅游政策性保险体系，为文化和旅游融合发展提供有力支撑。另外，全力推动和积极利用境外旅客购物离境退税和144小时过境免签政策，依托旅游业扩大开放来提升文化旅游融合发展水平。朝阳区按照“以文化为底蕴，以旅游为核心”的工作思路，评选出4大类29家文化旅游示范单位，形成商务、奥运和都市休闲旅游相互依托、优势互补的发展格局。,
      ,
    ,
",http://news.ifeng.com/a/20181230/60219028_0.shtml,2018年12月30日 16:43:00,http://news.ifeng.com/mainland/,"""两区、三带、多点、一圈"":北京市文旅融合规划正在起草 "
参考消息,国际,"
,
    ,
        ,
        ,
        ,
    ,
    ,
       ,
        ,原标题：默克尔马克龙要求俄释放乌船员 俄警告法德勿干涉内政,参考消息网12月30日报道 外媒称，德国总理默克尔和法国总统马克龙28日要求俄罗斯释放上月在刻赤海峡扣押的乌克兰船员及他们的舰船。,据路透社28日报道，莫斯科当局指控24名船员非法跨越俄罗斯边境。乌克兰则说，俄罗斯非法扣押两艘炮艇和一艘拖船，指控莫斯科发动军事攻击。,默克尔和马克龙发布联合声明说：“我们要求所有船只安全、自由和畅通无阻地通过刻赤海峡，并立即无条件释放所有被非法扣押的乌克兰船员。”刻赤海峡联结黑海和亚速海。,他们还说：“俄罗斯违反国际法兼并的克里米亚境内的人权状况、俄罗斯在刻赤海峡动用军力，以及恣意控制亚速海等行为都让我们非常担忧。”,俄新社28日报道称，俄罗斯国家杜马主席维亚切斯拉夫·沃洛金呼吁法国总统马克龙和德国总理默克尔不要干涉主权国家内政，并遵循各国议会联盟遵守该原则的决议。,沃洛金说：“至于释放船员的要求——俄联邦有国家法律，正在审讯，判决应由法院作出。”他说：“这两个欧洲民主国家的领导人很清楚，无论谁干预司法程序，就算现任要职——这不但不被允许，而且可能成为执法机构的注意目标。”,报道称，俄议长同时呼吁法德领导人不要干涉主权国家内政，并遵循各国议会联盟2017年通过的遵守不干涉内政原则的决议。他说：“我想提醒注意的是，任何文明国家的政治家说出这种言论都不该被忽视。发表这种言论前应三思才对。”,另据英国《泰晤士报》网站28日报道，俄罗斯已经在克里米亚和乌克兰大陆之间筑起了一道围栏，称这将阻止“侵扰者”进入克里米亚半岛。,报道指出，这个长60公里、耗资230万英镑的屏障装有运动传感器和摄像头，顶部装有带刺铁丝网，从西部的黑海一直延伸到东部亚速海上的锡瓦什湖。,俄罗斯联邦安全局说，带着警犬的边防警卫将监视这道高2.5米的围栏，其目的是挫败从乌克兰大陆进入的破坏者和侦察组织，以及走私武器、弹药、烟草、酒精和燃料的团伙。联邦安全局还说，这一障碍还将阻止“乌克兰公民出于经济和日常生活的目的违反边境制度”。乌克兰在与俄罗斯接壤的北部边境也筑有围栏。,
      ,
    ,
",http://news.ifeng.com/a/20181230/60218759_0.shtml,2018年12月30日 13:31:46,http://news.ifeng.com/world/,默克尔马克龙要求俄释放乌船员 俄警告法德勿干涉内政
澎湃新闻网,大陆,"
,
    ,
        ,
        ,原标题：教育部：撤销南京大学梁莹“青年长江学者”称号澎湃新闻日前从教育部获悉，按照今年9月新出台的《,
        ,
    ,
    ,
       ,
        ,原标题：教育部：撤销南京大学梁莹“青年长江学者”称号,澎湃新闻日前从教育部获悉，按照今年9月新出台的《“长江学者奖励计划”管理办法》，依据南京大学的调查结果和相关申请，教育部已按程序撤销梁莹的“青年长江学者”称号。,此前，《中国青年报》10月24日曾刊发报道，直指南京大学社会学院教授梁莹涉嫌学术不端。据该校官网介绍，39岁的梁莹是教育部“长江学者奖励计划”青年学者项目等多个人才支持计划的入选者。,上述报道提及，梁莹中文著述颇丰，仅记者所能查到的，以她为第一或第二作者的中文文献就超过了120篇。但在过去几年里，梁莹这些学术成果陆续被从网上删除。经过对比，梁莹上述论文至少有15篇存在抄袭或一稿多投等问题。,12月12日，南京大学召开警示教育大会，对梁莹作出处理。经调查，梁莹存在学术道德等师德问题且情节严重，根据相关规定，南京大学给予梁莹党内严重警告处分、行政记过处分，取消梁莹研究生导师资格，将其调离教学科研岗位，终止“长江学者奖励计划”青年学者聘任合同；报请上级有关部门撤销其相关人才计划称号和教师资格。,据悉，此前同样因师德师风问题深陷舆论漩涡的南京大学沈阳以及中山大学张鹏，也已分别被教育部撤销“长江学者”称号、“长江学者奖励计划”青年学者项目入选资格。,对话教育部相关负责人：,澎湃新闻：,对于存在学术道德等师德问题的南京大学梁莹，该校此前通报称已给予相应处分，并报请上级有关部门撤销其相关人才计划称号和教师资格。教育部对此做出了哪些决定？,教育部相关负责人：,对于梁莹的问题，教育部按照今年9月新出台的《“长江学者奖励计划”管理办法》，依据南京大学的调查结果和相关申请，已经按照程序取消梁莹的入选资格，撤销“青年长江学者”称号。,澎湃新闻：,对于此前同样因师德问题备受舆论争议的南京大学沈阳、中山大学张鹏，教育部有何处理？,教育部相关负责人：,此前，教育部已按照相关规定和程序撤销了南京大学沈阳的“长江学者”称号和中山大学张鹏的“长江学者奖励计划”青年学者项目入选资格，坚决落实师德失范“一票否决”。,澎湃新闻：相关决定的依据具体是什么？,教育部相关负责人：,教育部党组深入学习领会习近平总书记关于师德师风建设的重要思想，深刻认识加强师德师风建设的重要性紧迫性，始终把师德师风作为评价高层次人才的第一标准。全国教育大会后，教育部党组印发了《“长江学者奖励计划”管理办法》，将“坚持正确政治方向”作为人选的首要条件，突出了对师德师风和学术道德规范的要求。坚持从严从实查处，按照“政治上不能有问题，师德上不能有问题”的要求加强监督管理，对违反政治纪律、师德要求的情况零容忍，一经查实，坚决予以处理。,澎湃新闻：,对教师队伍的师德师风建设，教育部下一步有何举措？,教育部相关负责人：,12月14日，教育部召开全国师德师风建设工作视频会议，全面部署落实新时代教师职业行为准则和师德师风建设各项工作。会议要求，要提高站位、正视问题，科学规划、主动作为，对症施治、靶向治疗，全力抓好新时代师德师风建设，努力建设一支政治素质过硬、业务能力精湛、育人水平高超的高层次教育人才队伍。下一步，我们将突出高线引领和底线要求，坚持严管和厚爱并重，加强理想信念教育，引导高层次人才带头践行社会主义核心价值观，做“四有”好老师的示范标杆；对于师德失范行为，绝不姑息，一经查实，坚决依法依规严肃惩处。,
      ,
    ,
",http://news.ifeng.com/a/20181230/60219111_0.shtml,2018年12月30日 16:04:00,http://news.ifeng.com/mainland/,教育部：撤销南京大学梁莹“青年长江学者”称号
记录者王文志,大陆,"
,
    ,
        ,
        ,
        ,
    ,
    ,
       ,
        ,原标题：王文志：丧失时代痛感，新年献词或成新年献丑,行至年末，就如有钱没钱，都得过年，此时各媒体都会奉上一篇新年献词。,温暖和阳光、诗和远方、希望和豪情。一种情怀过剩的氛围，会如期而来，抢占未来一两天的朋友圈。,想必会有10万+的篇章脱颖而出，却无法再让我们泪流满面。,他们会激情荡漾，就是不肯回顾这一年，拿出了几篇真正直抵人心的报道；,他们会貌似悲悯，就是不肯回顾这一年，触及了几处时代痛点；,他们会指点江山，就是不肯回顾这一年， 匡正了哪怕一点点时弊；,他们会慷慨陈词，就是不肯回顾这一年，推动了社会的哪些点滴进步。,揣度大众审美，堆砌情怀辞藻，比拼金句段子，多会弄成一副精致的大嘴模样。大嘴者，口惠而实不至也。,且慢强调春风化雨、润物无声。如果不抬杠，就应承认，眼下需要十里香风，也需要手术刀。,刻薄点讲，一些装腔作势、装模作样的新年献词，弄不好就会成新年献丑。,这种强势推出的仪式化表演，徒增平凡如你我者在大时代面前的无力感。,它们甚至还可能诱发一种焦虑，催生普通百姓被社会疏离的痛感。,“让无力者有力，让悲观者前行”，“总有一种力量让人泪流满面”，“一句真话的份量比世界更重”，“我们从未放弃，因为我们爱得深沉”，“从今天起，我们更要彼此珍惜”，“没有一个冬天不可逾越当年”……,曾几何时，南方周末的新年献词咏颂于街巷，令无数人感怀落泪。,跟华丽词藻和诗意表达无关，跟情感深沉质朴无关，跟理想主义丰满无关，全端赖于一年来震撼人心的舆论监督和调查报道作献词依托。,那是一个个满含深情的年终总结仪式：我们努力了，我们尽了媒体人的职责。,不知道如今还有几家传统媒体，于年终盘点之时，敢说一句“我们问心无愧”。,即将过去的一年，肇始于非主流的自媒体的新闻事件，至少有三起，他们由此赢得公众相当程度的尊重。,崔永元“阴阳合同”事件撕开影视明星逃税避税潜规则；“兽楼处”的《疫苗之王》掀开疫苗安全隐患的盖子；“丁香医生”的《百亿保健帝国权健，和它阴影下的中国家庭》戳破30年以来保健品行业的神话。,不能不说，众多的传统媒体，渐渐习惯了做自媒体的“拾遗补漏”者，或自媒体影响力的“添薪加柴”者，任由自媒体在尊贵的门脸上撒欢儿。,不错，传统主流媒体的加入，推动了上述事件的演进，最终使其朝着大众期待的方向发展。但是，先声夺人的话语权呢？假如没有这些自媒体挺身而出呢？,对于很多传统媒体，甚或想不恰当地引用米兰·昆德拉的一句名言：“在安全的时候才是勇敢的，在免费的时候才是慷慨的，在浅薄的时候才是动情的”。,近年来，不止一个媒体界的负责人对我说起，每年各级新闻奖评委吐槽最多的，是好的舆论监督报道太少；有的媒体多年没有此类报道，已经基本丧失了进行舆论监督的能力，武功尽废。,从来不否认，我们的成就举世瞩目，有目共睹。改革再出发，只要发展和前进，就会有矛盾和问题。何况现在正处在矛盾集中显现期。,最高层无数次告诫，要有忧患意识，要居安思危。,如果能够重新选择，我不会再沾调查报道。选择了调查报道、监督报道，就会被扑面而来的挣扎和痛楚所灼伤、所淹没。,久而久之，会因为无力推动解决其万一，而深感沮丧和自责，进而严重质疑自身的职业价值。,众多的传统媒体，对苍生疾苦，是真的看不见，还是选择性无视？,媒体的职责，本应告诉公众真实的世界是什么样，让他们知道“无穷的远方，无数的人们，都和我有关”。,我决计不倡导要对抗什么、反叛什么。不过是期待对一个个社会个体尽可能地多一些救治，对社会细胞尽可能地多一些修复。不是外科切除，而是精确改良，微观演进，用新生命的生长遏制社会的局部紊乱和溃烂。,在我看来，严肃的舆论监督跟负面报道并非可以同日而语，跟以正面报道为主的方针一点也不矛盾。,但平素惯见的，是一片大好。媒体的议程设置出现偏差，有些时候不是传递真相，而是遮蔽真相。,“痛感”这个词往往不受待见。但在这样一个社会转型期，“痛感”弥漫于你我身边，以忽近忽远的方式昭示着它的存在。,而诸多的传统媒体，开始丧失对时代的痛感，丧失对社会底层的共情能力。,惯见阳光普照大地，鲜见感知行走于这大地之上的苍生黎民的焦灼；惯见凌空虚蹈的宏大叙事，鲜于体恤生活在这片国土之上的寻常百姓的困顿。,据说肝脏，是人体中无痛感的器官。一些传统媒体，已然成为被一层肥腻脂肪所包裹的肝。,受众的背离，不能全部归结于时代“杀死”了传统媒体。 ,对此，他们会找出很多理由聊以自慰，却不愿检讨自身应有担当的缺失。真的努力过了吗？,故而，与其捧出一篇底气和成色不足的新年献词，莫如保持沉默。,如果一定要为赋新词强献词，不如对自身过来一段的作为做一番检视，真诚地表达对于丧失时代痛感的不安与羞愧。,倘如此，即便有所苦衷、有所不足，读者或会给予一定限度的宽宥。,
      ,
    ,
",http://news.ifeng.com/a/20181230/60219026_0.shtml,2018年12月30日 16:36:02,http://news.ifeng.com/mainland/,王文志：丧失时代痛感，新年献词或成新年献丑
新华国际头条,国际,"
,
    ,
        ,
        ,原标题:2018国际政坛那些“真香”瞬间 国际政治场合通常给人严肃的感觉。聚光灯下，政治人物们也倾向,
        ,
    ,
    ,
       ,
        ,原标题:2018国际政坛那些“真香”瞬间,国际政治场合通常给人严肃的感觉。聚光灯下，政治人物们也倾向于掩藏个人情绪，一切为公。,不过，常在聚光灯下抛头露面的政治人物，也难以维持一张不绷的“扑克脸”。在越来越先进的摄影器材帮助下，我们捕捉到一些政治人物的“真香”瞬间。,特朗普：“真香”就是我,这一年，美国总统特朗普继续推崇他的“美国优先”理念。9月25日，特朗普在联合国当着全世界的面自夸政绩，称不到两年时间里的成就“几乎超过”美国历史上任何一届政府。,然而，台下的回应却是一阵尴尬而又不失礼貌的哄笑。,特朗普讪讪地说，没想到你们这样，但没关系哦。,拉美外交官：实力演绎“孰不可忍”,美国政府喜欢对别人指手画脚，有时也会被当面怼回去。10月16日，美国发起指责古巴违反人权的一场会议在联合国总部遭到多国外交官强烈抗议。,古巴、尼加拉瓜和玻利维亚等国外交官口中高喊“支持古巴，反对封锁”等口号。他们手上也没闲着，用手或书本敲打桌子，同时还用双脚跺着地板。,这协调性，节奏感，不愧是拉美人民。面对多年罕见抗议，这一会议草草结束，美国代表灰溜溜离场。,特雷莎·梅：不如跳舞,2018年，英国首相特雷莎·梅的工作重心就一件：让英国顺利脱欧。她也曾说过“脱欧”这事让她夜不能寐。,短暂出国访问或许多少让梅姨稍微喘口气。8月底，“梅姨”访问南非期间前往开普敦一所学校，孩子们特意为她准备舞蹈表演，气氛欢快热烈。梅姨情不自禁跟着跳了起来。,只不过，梅姨这舞姿着实有些僵硬了……可能实在是心太累，身体有些跟不上。,马克龙：敬个礼、握握手，你是我的好朋友,2018年，大大小小的国际会议全球瞩目。每逢这些大活动，嘉宾通常在会前一两天集中抵达，接机安排可是个大学问。这不，马克龙去阿根廷参加G20会议，负责接机的阿根廷政府官员来晚了。,机舱门打开，马克龙多少有些蒙……咦？人呢？该和谁握手？,马克龙灵机一动，与舷梯上一名身着黄马甲的机师亲切握手，巧妙化解尴尬。,只是，马克龙可能不会想到，他与“黄马甲”的缘分还没完。回到国内，等着他的还是“黄马甲”。不过，法国的“黄马甲”可就没那么客气，他们给马克龙带来了执政以来的最大危机。,文在寅：什么？我睡着了吗！,说到开会，那的确是脑力与体力的大比拼。多边会议期间，各国首脑通常也借机举行一些双边活动，当面聊聊共同关心的话题。,今年以来，在中国等各方的劝和促谈努力下，半岛迎来和平和解新机遇。韩美也在这个大背景下互动频繁。在11月举行的东盟系列峰会期间，韩国总统文在寅与美国副总统彭斯相约聊一聊。,只是，先到场的文在寅左等右等彭斯都没来，索性闭目养神，但这打瞌睡却被摄像机捕捉到。尤其是文在寅突然惊醒的瞬间，让人感觉萌萌哒。,默克尔：法国老妪不相识,这一年，欧洲""三驾马车""德、法、英领导人的日子都不好过。,10月末，默克尔宣布任期结束就不干了，让欧盟心情多少有些复杂。11月10日，默克尔在巴黎郊区参加一战结束100周年庆祝活动。,细雨中，一名法国百岁老太太等着一睹马克龙风采，她与马克龙握手后转向身旁的默克尔，问道：“你是马克龙夫人吗？”,默克尔愣了一下，笑着用德语回答：“我是德国总理。”翻译向老太太解释，但老太太似乎没听懂，又问：“你是马克龙夫人吗？”,默克尔索性凑到她耳边用法语一字一句地说：“我，是德国总理。”,普京：“鸡刨”字是我写的,默克尔被认错了，她的老朋友普京却连自己写的啥都认不出来了。,今年4月在圣彼得堡一次俄联邦会议上发表讲话时，普京说着说着突然停了下来，仔细辨认着笔记，好像突然看不懂自己写的是什么。,1秒、2秒、3秒、4秒……26秒、27秒、28秒，嗯……最怕空气突然安静……,半分钟后，普京终于认出来自己写的是什么了。他还开玩笑说，自己的笔迹像“鸡刨”的。“鸡刨”，可能比“狗刨”的秀气点？  ,英国女王：这人让我绕着走,今年7月中旬，美国总统特朗普首次访问英国。,英国女王伊丽莎白二世在温莎城堡会见特朗普。在欢迎仪式上检阅仪仗队时，特朗普走到女王前面，然后突然停了下来。这一下子挡住了92岁女王的路，让她不得不绕着特朗普走。,这一幕被英国媒体抓住大做文章，英国网友也炸开了锅：太失礼了吧！,
      ,
    ,
",http://news.ifeng.com/a/20181230/60219102_0.shtml,2018年12月30日 12:00:00,http://news.ifeng.com/world/,2018国际政坛那些“真香”瞬间
海外网,国际,"
,
    ,
        ,
        ,
        ,
    ,
    ,
       ,
        ,（图源：韩国青瓦台）,原标题：金正恩致信文在寅 对年内未能回访韩国表示遗憾,海外网12月30日电 韩国青瓦台方面30日称，朝鲜最高领导人金正恩向韩国总统文在寅发来了信件。,据韩联社英文版报道，在30日的这封信中，金正恩呼吁朝韩双方在明年继续努力，在朝鲜半岛建立和平与繁荣。,青瓦台发言人告诉记者，金正恩在信中还提到朝韩两国领导人在2018年采取了切实措施，来帮助克服两国边境长期存在的对峙局面。,韩国KBS新闻则提到，金正恩还对年内未能回访韩国表示遗憾。,
      ,
    ,
",http://news.ifeng.com/a/20181230/60218891_0.shtml,2018年12月30日 15:51:01,http://news.ifeng.com/world/,金正恩致信文在寅 对年内未能回访韩国表示遗憾
参考消息,国际,"
,
    ,
        ,
        ,原标题：关于南海，美国刚刚又释放了“示威”信号新年还未开始，美国就已经着手准备针对中国的新“动作”了,
        ,
    ,
    ,
       ,
        ,原标题：关于南海，美国刚刚又释放了“示威”信号,新年还未开始，美国就已经着手准备针对中国的新“动作”了。,《澳大利亚人报》网站12月28日报道称，五角大楼负责亚洲事务的最高官员敦促澳大利亚和美国的其他盟友加强其在南海的军事存在，以此向中国发出示威信号。,报道称，美国负责亚太安全事务的助理国防部长兰迪·施赖弗说，美国对澳大利亚近来加强在有争议的南海的海军活动表示欢迎。澳大利亚和其他美国盟友如果进一步加强在南海的存在，就能够对北京施加更大的压力。,▲2018年11月30日，阿根廷布宜诺斯艾利斯，G20峰会首日，美国总统特朗普与澳大利亚总理莫里森举行双边会晤。,报道指出，随着特朗普政府在包括关税贸易战等在内的广泛战线上挑战中国，美国加强了在南海的航行自由行动。,有舆论认为，与其他地区热点问题相比，2018年的南海局势稍显“平静”。不过，以美国为代表的一些域外势力在南海问题上仍然“小动作”不断，试图令地区局势复杂化。,而对于美国军方这次的言论，军事评论员宋晓军在接受参考消息网采访时表示，这再次表明白宫会采取结盟的方式来推进其制定的大国竞争战略，从而遏制威胁到其全球霸主地位的挑战者。作为一个重要的抓点，在南海问题上，美国一直利用盟友的力量向中国施压。,《澳大利亚人报》的这篇报道中还提到，澳大利亚“墨尔本”号航母今年9月底曾通过台湾海峡。如今，澳大利亚海军正在积极考虑进一步开展通过台湾海峡的行动。,▲“墨尔本”号航母（维基百科）,宋晓军指出，除了南海问题，美国也寄希望通过台海问题来刺激中国。以此作为一项手段，来诱导中国在军事、战略等方面做出过激反应，进而抹黑中国的国际形象。当中国被冠以“坏人”称谓后，便可在经济层面上将中国从全球产业链中踢出，已达到在经济领域打击中国的目的。,宋晓军说，如今在以文官为主的白宫内部，决策层普遍认为只有在经济领域打击到中国，才能真正地遏制住中国的发展。现阶段，在对抗中国的问题上，军事、国防等领域的优先级都低于经济领域。,然而，美国想把中国塑造成“坏人”形象的方法似乎行不通。,宋晓军指出，近些年来，中国已经通过实际行动表明了自己绝不会走“国强必霸”的道路。同时，中国还提出了致力建设人类命运共同体，实现与全世界共赢共享的理念。“一带一路”倡议在欧亚大陆多个国家中的推进和成果就是最好的证明。,展望2019年中美可能在南海和台海等问题上的碰撞时，宋晓军说，随着传统派人物如马蒂斯等人离开白宫，美国接下来在大国竞争战略中，可能会“不走寻常路”。,他认为，未来白宫可能会更多地使用非理性手段，如故意在南海等问题上制造与中国的摩擦，激起中国的敌对反应，以达到“丑化”中国的目的。2019年，南海、台海局势或因此趋于严峻，中国要做好在两条战线“作战”的准备。,
      ,
    ,
",http://news.ifeng.com/a/20181230/60218890_0.shtml,2018年12月30日 15:40:17,http://news.ifeng.com/world/,关于南海 美国又释放了“示威”信号
海外网,国际,"
,
,
// @TODO: 视频播放器和播放列表数据
define(""video.info"", [], function () {
return [
{
  vid: ""730a3033-b849-4be8-b09b-5f030755beb4"",
  title: ""真实在！这国总统送了4袋土豆和猪肉给普京贺新年"",
  previewImg: ""http://d.ifengimg.com/q100/img1.ugc.ifeng.com/newugc/20181230/19/wemedia/23a5c161d2a9d87ac4840435a83877ba7bbd1ddf_size398_w640_h360.png"",
  source: ""燃新闻"",
  duration: ""00'44''"",
  id:"""" }
  ];});
   ,
            ,
                ,
                    ,
                    ,
                ,
                ,
                ,
                ,
                ,
                ,
                ,自动播放,
                ,
                    .icon-video {
                        position: absolute;
                        top: 50%;
                        left: 50%;
                        display: block;
                        width: 72px;
                        height: 72px;
                        margin: -29px 0 0 -29px;
                        background: url(//p0.ifengimg.com/fe/news_detail/images/vIcon_230062a8.png) no-repeat 0 0;
                        cursor: pointer;
                    }

                    .bigVedio {
                        position: relative;
                    }

                    .picDiv {
                        display: block;
                    }

                    .videoDiv {
                        display: none;
                    }

                    #autoplay {
                        vertical-align: middle;
                    }

                    .txtTip {
                        padding-left: 5px;
                        font-size: 12px;
                        color: #666;
                    }
                ,
                
                    ,
    // @TODO: 视频播放器和播放列表
    if (device.type === ""pc"") {
      creatTasker(5, [""video.pc"", ""video.info""], function(Video, videoInfo) {
        
        var settings = {
          // //播放列表单页内容最大数
          // videoListPageSize: 4,
          // //当前播放内容索引值
          // playIndex: 0,
          // //falsh文件
          //flashSWF: 'http://vxml.ifengimg.com/swf/zuhe/zuhePlayer_v1.0.41.swf',
          // flashSWF: 'http://vxml.ifengimg.com/swf/vZHPlayer_v7.0.3.swf',
             flashSWF: '//p1.ifengimg.com/a/2018/0810/vZHPlayer_v7.0.4.swf',
          // //flash宽
          // flashWidth: 480,
          // //flash高
          // flashHeight: 380
          //列表容器id
          videoListId: 'js_video_list',
          //播放信息容器id
          videoInfoId: 'js_video_info',
          //内容列表
          videoListData: videoInfo    
        };
        
        var video = new Video(settings);
        var imgbtn = document.getElementById('imgbtn');
        var iconbtn = document.getElementById('iconbtn');
        var Util = {};
        Util.getCookie = function (name) {
            var arg = name + ""="";
            var alen = arg.length;
            var clen = document.cookie.length;
            var i = 0;
            while (i < clen) {
                var j = i + alen;
                if (document.cookie.substring(i, j) == arg) {
                    return (function(offset){
                        var endstr = document.cookie.indexOf ("";"", offset);
                        if (endstr == -1) {
                            endstr = document.cookie.length;
                        }
                        return decodeURIComponent(document.cookie.substring(offset, endstr));
                    })(j);
                }
                i = document.cookie.indexOf("" "", i) + 1;
                if (i == 0) break; 
            }
            return """";
        };

        var flagPlay = Util.getCookie('cookieBloone');
        var outDiv = document.getElementById('js_videoBox');
        var outDiv1 = document.getElementById('js_videoBox1');
        if (flagPlay == 'true') {
            outDiv.style.display = ""block"";
            outDiv1.style.display = ""none"";
            video.init('true');
        }else if (flagPlay == 'false'){
            video.init('true');
            imgbtn.onclick = function(){
                outDiv.style.display = ""block"";
                outDiv1.style.display = ""none"";
            }
            iconbtn.onclick = function(){
                outDiv.style.display = ""block"";
                outDiv1.style.display = ""none"";
            }
        }else{
            outDiv1.style.display = ""none"";
            outDiv.style.display = ""block"";
            video.init('true');
        }

      }, ""next"", ""视频和列表"");
    
    } else {
      creatTasker(5, [""video.mobile"", ""video.info""], function(Video, videoInfo) {
        new Video(document.getElementById(""js_videoBox""), videoInfo);
      }, ""next"", ""视频"");
    }
  if(device.type != ""pc""){
    document.write('<style>.videoDiv{display: block;}.picDiv{display:none;}<\/style>');
  }
,
                

            ,
            ,
                if (device.type != ""pc"") {
                    document.write('<style>.videoDiv{display: block;}.picDiv{display:none;}<\/style>');
                }
            ,
            ,.fck_attachment_video{display: none},
    ,
        ,
        ,
        ,
    ,
    ,
       ,
        ,原标题：普京获赠这国特殊新年礼：包括4袋附说明书的土豆,俄罗斯总统普京和白俄罗斯总统卢卡申科（图源：塔斯社）,海外网12月30日电 29日，俄罗斯总统普京和白俄罗斯总统卢卡申科在克里姆林宫举行会晤，继续讨论双方在25日会议上详细讨论的合作热点问题。白俄罗斯总统新闻秘书纳塔利娅透露，卢卡申科向普京赠送了萨洛（腌制的猪肉块食品）和4袋土豆作为新年礼物。,据俄罗斯塔斯社30日报道，在白俄罗斯的一档深夜节目中，纳塔利娅谈到了白俄罗斯总统赠送给普京的新年礼物。“卢卡申科不只给普京送了土豆。据我所知，俄罗斯总统也喜欢不错的萨洛，因此他（卢卡申科）带来了精心挑选的、最美味的白俄罗斯萨洛。”,纳塔利娅还提到，前一段时间，卢卡申科曾经半开玩笑地询问普京，最想要白俄罗斯的什么东西。普京当时回应称：“我还能希望得到什么白俄罗斯的东西？（当然是）土豆和萨洛。”,这位白俄罗斯总统新闻秘书介绍称，共有4袋土豆被带到莫斯科，它们的种类不同。“有些土豆用于烧烤，有些用于制作炸土豆饼，有些用于捣碎做成土豆泥，还有用于烤制和蒸煮的。所有的这些土豆都附有说明书，”她这样表示。,众所周知，普京和卢卡申科关系不错。29日，俄罗斯总统普京和防长绍伊古等人一起参加了在莫斯科红场举行的夜间冰球赛。普京告诉记者，他还曾建议白俄罗斯总统亚历山大·卢卡申科加入他们。,
      ,
    ,
",http://news.ifeng.com/a/20181230/60219142_0.shtml,2018年12月30日 18:13:31,http://news.ifeng.com/world/,普京获赠特殊新年礼 包括4袋附说明书的土豆
观察者网,国际,"
,
    ,
        ,
        ,原标题：多家美国报纸遭“海外”网络攻击，发行延迟 【编译/观察者网 谷智轩】 英国广播公司（BBC）,
        ,
    ,
    ,
       ,
        ,原标题：多家美国报纸遭“海外”网络攻击，发行延迟,【编译/观察者网谷智轩】,英国广播公司（BBC）29日援引美国媒体报道称，当天，美国多家报纸遭遇网络攻击，致使印刷和投递中断。,这次攻击导致《洛杉矶时报》、《芝加哥论坛报》、《巴尔的摩太阳报》、以及论坛出版公司（Tribune Publishing）旗下的其他报纸延迟发行。,此外，《华尔街日报》和《纽约时报》的西海岸版也受到影响。《国会山报》报道称，这两家报纸在洛杉矶与《洛杉矶时报》共享生产平台。,BBC报道截图,观察者网注：今年2月，论坛出版公司同意将旗下《洛杉矶时报》、《圣地亚哥联合论坛报》等南加州报纸，以5亿美元出售给华裔投资人黄馨祥（Patrick Soon-Shiong），相关交易于6月完成。,论坛出版公司表示，他们周五（28日）首次检测到攻击相关印刷厂的恶意软件。,《洛杉矶时报》报道称，据信这次网络攻击来自美国以外。,“我们认为，攻击的意图是使基础设施无法运转，更具体地说是针对服务器，而不是窃取信息。” 一名了解此次攻击的匿名消息人士告诉《洛杉矶时报》。,论坛出版公司的发言人玛丽莎•科利亚斯（Marisa Kollias）在一份声明中证实了这一说法，她表示，病毒损害了用于出版和制作“我们资产范围内报纸”的后台系统。,“整个公司的每个市场都受到了影响。” 科利亚斯补充道，但她拒绝提供更多有关发行中断的细节。,据BBC报道，上述公司旗下媒体的还包括《纽约每日新闻》、《奥兰多哨兵报》、《安纳波利斯首都公报》以及《南佛罗里达太阳哨兵报》等。其中，《安纳波利斯首都公报》今年6月遭遇枪击事件，5名员工遇难。,《南佛罗里达太阳哨兵报》网站显示，该报“本周末因电脑病毒而受创，导致生产中断，电话线路受阻”。,《南佛罗里达太阳哨兵报》网站截图,美国国土安全部官员在一份声明中说，“我们注意到一些新闻媒体可能受到网络事件影响的报道，并正在与我们的政府和行业伙伴进行合作，以更好地了解情况。”,此外，记者暂时未能联系到美国联邦调查局人员置评。,
      ,
    ,
",http://news.ifeng.com/a/20181230/60219132_0.shtml,2018年12月30日 16:55:09,http://news.ifeng.com/world/,美国多家报纸遭“海外”网络攻击 发行延迟
封面新闻,国际,"
,
    ,
        ,
        ,原标题：美国一对同性恋海军模仿二战水手“胜利之吻”遭仇视 您的浏览器不支持此视频格式 据每日邮报报道,
        ,
    ,
    ,
       ,
        ,原标题：美国一对同性恋海军模仿二战水手“胜利之吻”遭仇视,据每日邮报报道，1945年庆祝日本投降活动上，一名水手亲吻身边的女护士一幕成为经典历史照片“胜利之吻”。近日，一对美国男同性恋模仿了这一照片，却引起了舆论风暴。,2011年，美国弗吉尼亚港，海军Marissa Gaeta在甲板上与“女友”当众接吻，成为了上演海军传统“第一吻”的首对同性恋情侣。,33岁的Bryan Woodington是一名美国海军，他随着美国“苏利文号”导弹驱逐舰，在波斯湾和欧洲航行了7个月后，于12月21日返回佛罗里达州。他的伴侣Kenneth在分别7个月后，终于能重新见到丈夫。,海军有一个传统“第一吻”，允许一名幸运的水手先下去亲吻他的爱人。（2011年两名女水手是第一对赢得第一吻的同性伴侣）他们很幸运地获得了这个机会，Kenneth奔向Bryan，两人拥吻在一起。Kenneth说，Bryan让他最好穿一身全白的衣服，他想重拍那张经典的“胜利之吻”。不过Bryan事先不知道他们赢得了这个传统第一吻的机会。,于是当地电视频道采访了这对同性伴侣并播放了亲吻画面，电视台却被仇恨信息给轰炸了。许多观众指责“你们电视台已经下降到如此水平了，竟然播了一对同性恋亲吻的画面！”“我再也不会看你们新闻了！”“现在有多少人需要向他们的小孩解释为什么两个男人在接吻，太恶心了！”,不过对于这些言论，Kenneth并不在乎，他说，有人能看到它的美，至于那些看不到的人，祝你们有美好的一天。,不过并非所有评论都是消极的，也有许多人支持这对同性伴侣。有网友说，这是一个新的转折。,但美国海军和海军站Mayport官方没有回应此事，但发言人Bill Austin说：同性接吻“不是问题”，海军是“中性的”。Kenneth说，我们在表达对彼此的爱，我们没有伤害任何人，我只是一个等待自己的水手的伴侣。,
      ,
    ,
",http://news.ifeng.com/a/20181230/60219223_0.shtml,2018年12月30日 21:03:09,http://news.ifeng.com/world/,美国一对同性恋海军模仿二战水手“胜利之吻”遭仇视
观察者网,国际,"
,
    ,
        ,
        ,
        ,
    ,
    ,
       ,
        ,原标题：美国力推“无中国”5G布局将迫使其欧洲盟友选边站,【文/观察者网张晨静】,12月27日，美国《国家利益》杂志刊发了美国智库学者的一篇题为《华为与欧洲的5G难题》的文章。其中声称美国将推动“无中国”的5G布局。在如今中美日益加剧的地缘政治竞争中，此举将迫使美国盟友选边站。,该文章作者为：卡内基国际和平基金会欧洲项目主任布拉特贝格（Erik Brattberg）、哈佛大学肯尼迪政府学院高级研究员陆克（Philippe Le Corre）。,报道截图,近段时间来，美国一直不遗余力地撺掇盟友，在5G技术上“围剿”华为。包括英国、法国、德国、捷克在内的几个欧洲国家都采取措施，对华为发起审查。,文章声称，这些做法均受到美国政府的欢迎。倘若欧洲继续依赖中国的5G制造商，或导致原本已脆弱的跨大西洋关系出现裂痕。,作者提醒说，尽管近期欧洲围绕中国5G技术的争论有所升温，但仍有许多本土供应商与包括华为在内的中国制造商合作。,如目前华为至少已与8个欧洲国家的无线运营商签署谅解备忘录，并与至少12个欧盟成员国的本土运营商进行测试。,本月早些时候，华为还和葡萄牙最大电信运营商Altice签署协议，将为Altice提供网络升级的设备和软件，以在2019年实现支持商用5G标准。,作者不得不承认这是因为华为极具竞争优势，称“华为是具有价格优势的全球行业领军者，为此仅仅禁止华为供应5G设备或是将其从欧洲现有的网络中移除，是不太可能的”。有部分欧洲运营商担心，此举会导致成本上升。,文章还称，华为通过巧妙地利用其进入智能手机市场的方式，赢得了欧洲消费者的信任。用不到五年时间，华为的产品在欧洲零售市场上受欢迎程度之高，几乎无人能想到。,此外在2011年，华为还建立了一个B2B（企业对企业）运营系统，专注于为欧洲各地的私营企业和公共机构提供供应、维护和技术咨询等服务。与此同时，华为还积极在欧洲各地做广告宣传和其他推广。,这让作者感到很焦虑，他将当下这样的现状妄称是“深度的市场渗透”，并指出在美国华为受到的限制很大，而欧洲不一样，很少有欧洲国家将中国视为一个战略竞争对手。这就意味着，面对中国5G，目前不太可能出现一致性的跨大西洋方案。,特朗普政府已明确表示，要和其盟友、合作伙伴等采取措施限制中国5G发展。也就是说，欧洲很快将会面临选择。,文章声称，尽管未来分成中国和“非中国”的5G网络，可能会带来一些互通性方面的小问题。但更重要的是，美国推动“非中国”5G布局，最终可能会因政治分歧将技术影响的领域一分为二。,面对美国及其盟友发起的“围剿”，华为一直在用实力说话。我外交部发言人曾于本月10日表示，目前已经有20多个国家的企业与华为签署了5G商用合约。至于很多国家认为华为是值得信赖的，可以合作的伙伴，这样的例子还很多的。“这也足以证明，华为在创业和经营的规程中，实际上是越来越得到国际伙伴的信任。”,
      ,
    ,
",http://news.ifeng.com/a/20181230/60219056_0.shtml,2018年12月30日 17:05:33,http://news.ifeng.com/world/,美国力推“无中国”5G布局 将迫使其欧洲盟友选边站
澎湃新闻国际,国际,"
,
    ,
        ,
        ,原标题：俄媒：普京向特朗普致新年贺电，愿就最广泛议题展开对话在2019年到来前夕，俄罗斯总统普京向美,
        ,
    ,
    ,
       ,
        ,原标题：俄媒：普京向特朗普致新年贺电，愿就最广泛议题展开对话,在2019年到来前夕，俄罗斯总统普京向美国总统特朗普致新年贺电。,据俄罗斯卫星通讯社12月30日报道，俄克里姆林宫新闻处称，俄罗斯总统弗拉基米尔·普京在致美国总统唐纳德·特朗普的新年贺电中确认，俄罗斯愿意与华盛顿就最广泛的议题展开对话。贺电指出，俄美关系是保障战略稳定和国际安全的最重要因素。,报道称，俄罗斯总统弗拉基米尔·普京就圣诞节和即将来临的2019新的一年，向各国政府和首脑以及国际组织的领导人致以祝贺。,
      ,
    ,
",http://news.ifeng.com/a/20181230/60219217_0.shtml,2018年12月30日 19:57:00,http://news.ifeng.com/world/,普京向特朗普致新年贺电：愿就最广泛议题展开对话
观察者网,国际,"
,
    ,
        ,
        ,原标题：因模拟处决法国总统马克龙，三名“黄背心”遭逮捕起诉 【文/观察者网 张晨静】 12月21日，,
        ,
    ,
    ,
       ,
        ,原标题：因模拟处决法国总统马克龙，三名“黄背心”遭逮捕起诉,【文/观察者网张晨静】,12月21日，也就是法国总统马克龙41岁生日当天，有一批“黄背心”抗议者在一场“模拟审讯”的活动中，斩首蒙着马克龙面部画像的人偶。,据俄罗斯卫星网报道，法国西南部昂古莱姆市警方对此事展开调查后，逮捕了参与“模拟处决”的两名男子和一名女子，并于29日以“煽动犯罪和侮辱”对其作出起诉处理。,报道截图,12月21日，在一场大约有50人参加的游行中，“黄背心”抗议者举行了一场“模拟审讯马克龙”的活动，对着一个蒙着马克龙面部画像的人偶进行斩首。这一令人毛骨悚然的照片迅速在社交网络上传播。,照片显示，抗议者用一把斧子砍下了人偶的头，后将其挂在木桩上。随后抗议者开始围着燃烧的路障跳舞，并将人偶的身体投入火中焚烧。,这一天刚好是马克龙总统的41岁生日。有报道称，活动组织者在申报这场游行时，并未提及“斩首”这一项内容。,《今日俄罗斯》报道称，事件引起当地政府的重视，他们在22日的一份声明中对此予以“严厉谴责”，称这“严重影响马克龙总统本人和其所代表的职能”，“可能会被视为犯罪”。随后地方检察局以“煽动犯罪和侮辱”为由对涉事人员展开刑事调查。,28日，两名男子和一名女子遭警方逮捕，他们三人年龄最小的是25岁，最大45岁。29日三人被控“对马克龙总统进行有生命伤害性质的教唆和挑衅行为”，若罪名成立，将可最长入狱5年。,此外，三人被控的另一罪名是“对公共权威人士进行侮辱”，这一罪名可使三人入狱1年，而其“没有完全且准确地申报游行计划”，也可被判6个月监禁。,
      ,
    ,
",http://news.ifeng.com/a/20181230/60219055_0.shtml,2018年12月30日 15:13:46,http://news.ifeng.com/world/,斩首“马克龙” 3名“黄背心”遭逮捕
红星新闻,国际,"
,
    ,
        ,
        ,原标题：起诉英国防部：明知非洲人不经冻，还让在严寒中演习18小时据英国《泰晤士报》12月28日报道，,
        ,
    ,
    ,
       ,
        ,原标题：起诉英国防部：明知非洲人不经冻，还让在严寒中演习18小时,据英国《泰晤士报》12月28日报道，一名加纳裔退伍士兵迈克尔正式起诉英国国防部玩忽职守，索赔15万英镑。这名非洲裔士兵给出的理由是，军方在明知非洲人不经冻的情况下，却没有保护他免遭寒冷天气的侵袭。他声称，军官让自己在寒风中训练了18个小时，还没给他提供足够的保暖衣物，导致他患上了“与寒冷有关”的疾病。,报道称，在英国，像这样由于“非洲人不经冻”而提出索赔的案件在近年来呈上升趋势……,▲英国士兵在挪威雪地户外训练。图据《每日邮报》,非洲裔士兵寒冷中暴露18小时被“冻伤”,现年36岁的迈克尔是一名前骑警，曾在英国副官兵团服役，该兵团负责英国陆军的一般行政事务，如人力资源、财务、会计和IT。迈克尔告诉高等法院，尽管知道加勒比裔和非洲裔黑人士兵更容易受到寒冷的伤害，军队却还是让自己在寒冷的气候中暴露了足足18个小时。,据法庭文件显示，2016年3月，迈克尔随皇家坦克团被派往索尔斯堡平原参加“蝎子行动”演习。迈克尔称，在天寒地冻的气候条件下，上级没有提醒他戴上手套、穿上冬季袜子和靴子等装备，而当他告诉军官自己不经冻时，上级却要他坚持下去。,▲迈克尔图据《泰晤士报》,最终，这次演习从清晨到午夜，足足持续了18个小时。这让出生在加纳的迈克尔，感到手脚麻木，疼痛难忍。迈克尔坚称，部队没有给他提供足够保暖的衣物，使得自己在演习中受了“冻伤”，因此患上了“与寒冷有关”的疾病。他还称，在演习的前一周，穿着便服的自己还被要求在寒风中听了5个小时的讲座。,2016年10月，迈克尔正式退役。虽然退役原因与此无关，但这次演习的影响却一直影响着他此后的生活。据英国《泰晤士报》报道，迈克尔在法庭文件中声称，时至今日，自己仍饱受冻伤困扰，不得不放弃成为一名体育教练的梦想。如果自己在低于59华氏度（15摄氏度）的温度下进行户外活动，可能会引发一系列症状。,迈克尔的法庭诉状援引了2009年国防部的一项研究，该研究称，加勒比裔和非洲裔黑人士兵在寒冷天气中受伤害的可能性是其白人战友的30倍。而英国国防部关于防止非冻结性冷伤（NFCI）的指导意见警告也明确表示，出现这种情况的人应立即被撤离。加勒比裔和非洲裔黑人可能比白人更容易受到非冻结性冷伤，指挥官们应该提高对这种高风险的认识。,然而，军方官员反驳了迈克尔的说法，坚称他拥有前往索尔斯堡平原的合适装备，在演习中没有必要进行风险评估。国防部发言人表示：“对于正在进行的法律调查不适宜发表评论，然而，所有的服役人员都得到了正确的服装、设备和培训。”,另一非洲裔士兵因冻伤获赔20万英镑,这并非英国国防部第一次面临此类起诉，2016年4月，一名英国皇家列兵军团的非洲裔退伍军人曾起诉国防部，要求赔偿20万英镑，并赢得了诉讼。,出生于冈比亚的Abdoulie Bojang称，2014年在加拿大班夫的一次训练中，国防部“没有考虑到他的种族”，让他暴露在寒冷的环境中，导致手部冻伤，不得不结束自己的职业生涯。,据《星期日泰晤士报》报道， Bojang说，他在一次名为“运动速冻乐趣”（Exercise Frozen Fun）的滑雪训练课上遭遇了零下30度的低温。训练结束后，指挥人员才发现Bojang的双手变硬了，颜色也变了，于是告诉他立刻前往医疗中心治疗，然而却为时已晚。2015年4月14日，Bojang被医疗委员会告知，他不再适合担任任何军事职务。2015年9月，Bojang正式从英国军队退役。,▲Abdoulie Bojang称，2014年在加拿大班夫的一次训练中，他在寒冷的环境中导致手部冻伤，不得不结束自己的职业生涯。图据《每日邮报》,Bojang向国防部寻求15万-20万英镑的赔偿，称自己的“非洲裔血统”使他更容易受到寒冷的伤害，而军队本应采取更多措施保护他。他的代理律师巴恩斯称，在派遣Bojang参加这次寒冷天气的训练活动之前，军队“没有考虑到他的种族”。国防部允许Bojang在此情况下参加滑雪训练，“让他面临危险和可预见的受伤风险”，最终导致Bojang无法从事心仪的职业，并长期在劳动力市场上处于劣势地位。,非洲人真的怕冷吗？据一项运动医学的研究结果表明，由于黑种人的汗腺比白种人要多，所以其皮肤致冷更快，排汗机制比其他人种更完善。而黑种人身体的辐射散热功能强，有利于在运动时散发体热。,自从1984年发表了一份有关此类问题的报告以来，英国国防部也一直承认，非洲裔军人遭受冷伤的风险在增加。,Bojang是已起诉英国国防部的数百名黑人士兵之一，这些士兵大多来自英联邦国家，绝大多数病例为非冻结性冷伤。,英国因“冻伤”索赔士兵持续增多,据英国《泰晤士报》报道，非冻结性冷伤包括冻疮、战壕足等病症，通常发生在人体核心温度长时间低于自然水平时。当人的核心体温降得太低时，血管出现收缩，从而减少了手部和脚部的血液流动，如果没有及时的治疗，神经和血管会发生损伤，有时会造成永久性损伤，导致终身受寒和慢性疼痛。,随着南非、圣卢西亚和乌干达等国的外国裔军人加入前线部队的人数创下纪录，英国军队士兵伤寒致残的人数也出现显著上升。据苏格兰《每日记录报》2017年6月报道，有1000多名士兵因遭受非冻结性冷伤，向军方领导提出了大量索赔。,▲英国皇家海军陆战队的冬季训练。图据《泰晤士报》,每年，因非冻结性冷伤要求赔偿的人数也在持续增加中。2015-2016年度，英国政府向军人发放了149万英镑的军队非冻结性冷伤抚恤金，较上年增长20%。自2006年以来，1235名武装部队人员因伤接受了政府的赔偿。去年，获得赔偿的服役人员总数增加了16.7%，而在过去10年里，索赔人数增加了1650%。,博尔特•伯顿•肯普律师事务所负责军事索赔的合伙人艾哈迈德•纳哈德表示，少数族裔士兵经常在训练中被告知不要理会自己的症状，要振作起来。国防部在明知轻微伤害也会造成长期影响的情况下，却依然忽视了这个问题。,对此类案件，英国国防部也明确表示：“当赔偿要求被提出后，国防部将根据是否负有法律责任来考虑赔偿。当国防部有法律责任支付赔偿，我们就会赔偿。”,
      ,
    ,
",http://news.ifeng.com/a/20181230/60219178_0.shtml,2018年12月30日 19:21:00,http://news.ifeng.com/world/,严寒中演习被“冻伤” 非洲裔士兵起诉英国防部
新京报网,大陆,"
,
    ,
        ,
        ,
        ,
    ,
    ,
       ,
        ,原标题：中国田协对抄近道、递国旗、拉冠军等违规事件作出处罚,中国田径协会30日召开了“2018年马拉松专题媒体沟通会”，会议通报了2018年受到广泛关注的几起马拉松违规事件的处罚决定。,中国田协在通报中指出，为严肃纪律、维护公平竞赛，根据中国马拉松相关管理规定，决定对2018年苏州（太湖）马拉松“递送国旗”事件，南宁国际马拉松“拉拽冲线冠军运动员”事件，深圳南山半程马拉松比赛“抄近道”事件中涉及的各赛事组委会作出取消参加2018年度中国田径协会马拉松赛事等级评定资格的处罚，并要求上述组委会限期向中国田径协会递交书面整改报告。,此外，对事件中涉及的运营公司——北京上德大爱体育有限公司（原北京上德尚品体育有限公司）、智美赛事营运管理（浙江）有限公司给予警告处罚，并要求上述公司限期向中国田径协会递交书面整改报告。中国田径协会将视上述组委会及公司整改情况决定是否追加处罚。,
      ,
    ,
",http://news.ifeng.com/a/20181230/60219153_0.shtml,2018年12月30日 18:29:00,http://news.ifeng.com/mainland/,田协对递国旗等事件作处罚：取消赛事等级评定资格
外事儿,国际,"
,
    ,
        ,
        ,原标题:韩国学校的性教育有多“畸形”？家长被迫给孩子报班补习 近年来，以韩国男团女团为特点的韩流文化,
        ,
    ,
    ,
       ,
        ,原标题：韩国学校的性教育有多“畸形”？家长被迫给孩子报班补习,近年来，以韩国男团女团为特点的韩流文化席卷全球，韩国逐渐成为文化产业输出大国。,然而，韩国中小学的“性教育”却饱受诟病。,据《卫报》报道，韩国教育部2015年耗资6亿韩元制定的学生性教育指南，当时一发布便引发争议，被斥责“公然性别歧视”，很多内容与事实不符，是畸形的性教育。,比如高中生的性教育指南中写道：“女性只能与特定的一名男性发生性关系，而男性则可以与不同的有吸引力的女性性交”。,“男性花钱约会，可以从女性身上寻求相对应的补偿，不情愿的性交可以发生”。,像以上描述的争议性条例还很多，韩国教育界人士、学生家长以及性暴力咨询中心等机构纷纷要求修改内容。,韩国教育部当时将该指南从官网撤除，同时承诺会重新审查相关材料。但是时隔3年，《卫报》调查发现，当年的指南一字未改，依然在使用。,韩国学校的性教育存在多少问题？家长又是如何应对这种情况的？,看似开明的性教育背后,据《韩国先驱报》报道，韩国的孩子从小学开始每年需要接受15小时的性教育课程，教育内容涉及恋爱、结婚、生子等过程。,美国在线统计数据网站Statista在2016年对韩国19岁至29岁的未婚女性进行调查，询问她们在学校里是否接受过性教育，其中19岁至22岁的年轻女性中90%的人是肯定回答。,但是，韩国教育部统计显示，2013年校园性骚扰案件数量为878件，2016年案件数量增加到2837件。,看似开明的性教育背后却是落后而固化的观念。,美国全国公共广播电台（NPR）和英媒《卫报》都向韩国教育部申请查看性教育指南的全部内容，但是教育部只提供了不包括300页教师手册的材料。,指南中包含了以下内容,“,女性要漂亮，男性要有钱。”,“异性学生不可独处。”,“如果女性在地铁或公交上遭到性骚扰，可以假装不小心地踩对方一脚。”,韩国教育部学生卫生政策部门负责人Cho Myung-yeon表示：“修订指南并不简单，涉及到很多工作，包括要求教育研究者改变观念，不是一朝一夕可以完成的。”,韩国教育部的另一名官员Min Hye-young说：“教育部在编写指南时的确应该考虑更周全一些，但是外界对指南也存在误解，一些涉及性别歧视的暗示内容并不是教育部的本意。”,她举例说，指南提到女性遇到性骚扰时踩对方脚，不是指导学生遇到这种情况要容忍，而是尝试找到方法帮助她们解决问题。她一再强调，教育部的好意被误解了。,课外补习“性知识”,据《卫报》，韩国不少学生家长为应对学校的不全面性教育，他们开始送孩子到私人补习班，学习有别于学校的性知识。,首尔的一所私人教育机构开设了2小时的性教育课程，收费为5万日元，吸引了不少家长为孩子报班，2018年该课程的报读人数相较去年翻了一番。,在首尔的江南区有一所名叫“Lala School”的教育机构，由三名老师合办，为学生提供性教育课程。,这所教育机构的创始人Shin Yeon-jeong说，随着韩国女权运动的不断发展，越来越多人意识到了身处的环境存在严重的性别歧视观念。,Shin说，虽然2017年韩国新政府承诺会更加重视性别歧视和性骚扰问题，但是目前为止情况并没有得到太多改善。,“Lala School”致力于向孩子传递平等的性别观念，同时也会告诉他们正确的性知识，比如“女性也要享受性生活，不仅仅是为了取悦男性”。,此外，韩国公立学校的部分老师也意识到需要纠正学生对性相关问题的认识，他们选择在课后设立讨论小组，讨论的话题从性骚扰到同性恋爱，涉及内容广泛。,韩国一所高中的英语老师Yim Yi-rang从去年开始组织了性话题讨论小组，目前已有超过150名学生参与。,她说：“学生对性别话题很感兴趣，不仅仅因为这些内容在课堂上很少涉及，还因为有些老师会对学生发表性别歧视言论。”,“在韩国教育中改变性别歧视的观念是一项艰巨的任务，因为在这个国家很多人认为‘女权主义’是个肮脏的词汇。”Yim Yi-rang说，她在学校张贴反性骚扰的海报都会被部分老师呵斥。,文,/沁涵,
      ,
    ,
",http://news.ifeng.com/a/20181230/60219176_0.shtml,2018年12月30日 18:43:09,http://news.ifeng.com/world/,韩国学校性教育被指“畸形” 家长被迫“报辅导班”
参考消息,国际,"
,
    ,
        ,
        ,原标题:今天，一个人口超5亿的新经济圈诞生了，没有美国…… 日媒称，包括日本在内的11国参加的跨太平,
        ,
    ,
    ,
       ,
        ,原标题:今天，一个人口超5亿的新经济圈诞生了，没有美国……,日媒称，包括日本在内的11国参加的跨太平洋伙伴关系协定（TPP）已于30日生效。占据全球国内生产总值（GDP）13%、拥有超5亿人口的新经济圈由此诞生。在全球保护主义扩大的当下，力争建立能与之抗衡的自由贸易区。未来将撤销区域内农产品及工业品逾95%品种的关税。明年2月日本与欧盟（EU）的经济伙伴关系协定（EPA）也将生效，日本的贸易战略将迎来新局面。,日本共同社12月30日在报道中指出，日本、墨西哥、新加坡、加拿大、新西兰、澳大利亚6个国家的TPP协议于30日生效，除撤销和下调工业品及农产品的关税外，还将启动有关贸易及投资的共同规则。其余各国也在陆续推进手续。今后将力争扩大参加国，提高在全球的存在感。泰国及英国正在考虑加入。明年1月19日将在东京召开协议生效后的首次部长级会议。,▲美国退出后，参与TPP谈判的其他11个成员国对原协定作出修改，形成“全面与进步跨太平洋伙伴关系协定”（CPTPP）。2018年3月8日，跨太平洋11国签署“全面与进步跨太平洋伙伴关系协定”。（路透社）,报道称，随着TPP生效，日本包括工业品及农产品在内全部品种的逾95%撤销关税。农产品中的大米、小麦、牛猪肉、乳制品、砂糖（糖料作物）这5个敏感领域被排除在撤销关税对象之外。日本之外的各国未来将对全部品种的超过99%撤销关税。,明年将启动日美围绕关税的双边谈判，牛肉和猪肉、汽车等将成为主要议题。2017年退出TPP的美国的农作物不能享受区域内关税下调的好处，相比欧洲产等处于不利。,▲资料图片：2017年1月23日，美国总统特朗普签署行政命令，正式宣布美国退出跨太平洋伙伴关系协定（TPP）。,报道认为，美国顾及国内的行业团体，力争尽早谈妥。日本有意勾起美国的焦虑情绪，在谈判桌上占据优势，还将敦促美国重返TPP。,报道表示，自由贸易区的形成也有一层较强意义是应对提高影响力的中国。今后将增加加盟国，力争把TPP规则打造为世界标准。,
      ,
    ,
",http://news.ifeng.com/a/20181230/60219243_0.shtml,2018年12月30日 18:50:00,http://news.ifeng.com/world/,一个人口超5亿的新经济圈诞生了 没有美国
北美生活动态,国际,"
,
    ,
        ,
        ,
        ,
    ,
    ,
       ,
        ,原标题美国《时代周刊》: 2018年全球50 大最佳发明,原来每年《时代周刊》都会评选年度最佳发明，它们让世界变得更美好，更智能，或更有趣。,Time 从世界各地征集了各类别的提名，然后从原创性，创造力，影响力，前瞻性和有效性对竞争者们进行评估。,最终选出50 项突破性的发明，它们可能正在改变我们生活，给我们的工作，娱乐和思考提供更多可能性。下面选了一些，为大家展开来讲讲！,隐形电视,三星2018 QLED 电视,电视已经不是必备家电了，它黑黑的屏幕与家里的装饰格格不入。三星想了一个拯救电视的办法，隐形电视！,只有在你需要的时候，它才是一台电视机。平时它可以是山水画、照片墙，甚至和你家融为一体。,我以为它是透明的屏幕，但其实是在黑屏上显示与墙面一致的背景图案，看上去就像隐形了一样。,操作方法很简单，通过手机App 对着电视和墙壁拍张照。,以前的电视要接一堆电缆，为了让它像个真正的画框，三星把他们整合成一条细细的15 米线缆，不仅能传输视频信号，还能传输电源。,随着白天黑夜或灯光变化，画面还能自动调整暗角和色调，并显示时间和天气。,坚不可摧的连裤袜,Sheerly Genius Pantyhose,对于8102年的精致男孩女孩，衣物起球绝对是一件令人头痛的事。有人做过测试，最优秀的连裤袜品牌，磨20 下必起球！而这款打底裤，别说起球了，甚至能防子弹。,Sheerly Genius 由一种通常用于防弹背心和攀岩设备的纤维制成，强度比钢强10 倍，超轻。,牢不可破的同时，它还很柔软舒适，一样的性感透明~,虽然要卖每双99 美元，但是很多女性都愿意试试。网友评论说：男朋友都不能把它撕开了，他很不开心。,海洋垃圾桶,Seabin V5 Hybrid,每年大约有14 亿吨垃圾在地球海洋中肆虐，造成海洋污染和生物死亡。Seabin 是一个漂浮在港口和码头的海洋垃圾桶， 用泵吸入垃圾并释放干净的水。,海洋垃圾桶每天大概能捕获1.5 公斤的漂浮物，包括最小2 毫米的微塑料。,传统的方法是无法捕获微纤维微塑料的，而Seabin 用了特殊的过滤器+捕获袋结构。作为垃圾收集器，它还配备了吸油垫，甚至能吸收一些以石油为主的污染物。,这个项目的两位发明者，是冲浪爱好者，海洋里的垃圾让他们痛心不已，于是说干就干，有了海洋垃圾桶。,最像奶子的奶瓶,Nanobébé,喂奶最重要的，就是接近母乳的感觉。这种最像母亲乳房的形状可以说是宝宝最能适应的形状。,奶瓶独特的结构、比普通奶瓶加热速度快两倍，加热也更均匀，用后分层打开清洗也很方便。,救生无人机,第二代Zipline,这空投套装，乍一看还以为是吃鸡的广告。只不过空投的不是枪支弹药，而是医疗用品。,由于地形和基础设施的差距，超过20 亿人缺乏足够的基本医疗产品，如血液和疫苗、药物、医疗用品。,Zipline 可以飞越无法通行的山脉和蜿蜒的道路，直接送往偏远的诊所，减少资源浪费。他可以在80 英里/小时（130km/h）的速度下运载3.85 磅( 约2kg )货物,用最快的速度医疗物资投到指定位置。,2016年开始，Zipline 在非洲推出商业无人机送货服务，向偏远的社区提供血液和重要医疗用品的配送服务。如今第二代的产品性能更优，将继续为非洲的农村社区提供服务。,随身携带的衣橱,Solgaard Lifepack 行李箱,收行李箱绝对是我最讨厌做的事之一，旅行的乐趣都打了折扣。而对于来去匆匆的商务人士，抽空整理箱子非常麻烦。,要是行李箱里有个柜子就好了。诶！等等！这不就是了嘛。,跟一般的箱子比起来，找一件衣服似乎节省了好多步骤和时间啊！,但是这个架子，同样会占用箱子的部分空间，减少了它的装载量。也许这不是最优解法，但不得不承认真的直击痛点。,钢铁侠套装,Gravity Jet Suit 重力喷气式飞行器,想要成为“钢铁侠”吗？现在，你的梦想可能就要实现了。,英国发明家理查德布朗宁从2016 年开始，一直在潜心研发自己的“飞行战甲”。终于，Gravity Jet Suit 问世了。,1050 马力的系统依赖于五个迷你喷气式发动机，每只手臂上各两个，另一个内置在背包中。它最高时速可达50 英里/小时( 约80 公里时速），最大飞行高度约3600 米。,Gravity 已经在20 个国家举办了60 多场活动，包括4 场TE 演讲和2 场线下赛事，每次都引起大批围观。,虽然它要卖44 万美元，但折合成人民币300万在上海只能买个厕所。买了它，90 分钟培训上手，你可能就是下一个钢铁侠！,真正的量身定做,ZOZOSUIT,网购一时爽，买错尺码却让人头疼。日本最大的时尚电商ZOZOTOWN 推出了一件奇怪的紧身衣，解决了这一难题。,远程智能量身ZOZOSUITS 是免费提供的，你只用付点邮费，就能得到一件能精准测量自己身材的衣服。,它上面的小点点，其实是内置的150 个传感器。它会对你进行全身测量，并将具体数据发送到配套的应用程序当中。,数据自动上传成功后，系统就会给你推荐适合你尺码的衣服。再也不怕买错尺码啦~不然买来的衣服总是胸部有点紧，讨厌~,为无家可归者打印一个家,ICON Vulcan 3-D 住房打印机,创业公司ICON 使用它们的3-D 打印机器，在48 小时内打印出了第一套住房。它是一个32 平米的住宅，价格约为10,000 美元（仅限打印部分），并且符合美国德克萨斯州的住房标准。,Vulcan 3-D 打印机与非营利性组织New Story 合作创建，致力于为居住在全球贫民窟的家庭提供安全的住所。,它使用容易采购到的小骨料混凝土作为原料，从混凝土中逐层架设住宅的基本结构。轨道可以无限延长，只需要传统方法的一小部分材料和劳动力成本。,它是可移动的，重约900 公斤。希望和政府合作，为整个社区服务。,预计二代产品能在12 小时内打印600 平方英尺（约55㎡）的单层住宅，并且只需花费4000 美元。,可软可硬的Bra,锐步PureMove 智能文胸,为了让女性在运动时更加舒适，Reebok 推出了这款PureMove 运动内衣。它的亮点是加入了“运动感应技术”，以及一种叫Shear Thickening Fluid 的物质，会随着用户的动作自动调节松紧。,当剧烈的运动使胸罩的针织面料变形时，凝胶状的增稠液会活化并使衣服收缩,提供额外的支撑。在轻松活动或休息期间，面料向后伸展，以获得舒适，透气的贴合感。,PureMove 在设计上其实十分简单，仅由7 件柔软透气材料组成。没有复杂的钩子，扣子，钢圈或可调节带子，舒坦！,甘蔗做的人字拖,Allbirds SweetFoam,Allbirds 是那个号称有世界上最舒服羊毛鞋的品牌，但是它想拓展业务，做做拖鞋。要做就做最不一样的拖鞋。,他们联合了巴西一家公司，耗时两年，研究出了如何把甘蔗做成人字拖。,Sweet Form 鞋底用的是世界上第一款减碳EVA 材料。使用巴西甘蔗，由完全用再生能源的工厂进行加工，最大程度的减少对环境的污染。,鞋子上的带子也是环保的生物尼龙，坚韧又好用，就算断了也可以更换。,目前Sugar Zeffers 系列已经在国外上市，每双35 美元。这可是世界上首款甘蔗人字拖！,让游戏更具包容性,Nintendo LABO,Labo 是任天堂Switch 游戏机的一套纸板玩具。买来是个纸板，通过你聪明灵活的小手，可以拼成好多款玩具。,再把它跟游戏机自带的手柄Joy-Con 搭在一起，通过IR 摄像头、动态捕捉和HD 震动反馈等功能，便可以实现各种奇妙的玩法。,自2018年4月推出以来，任天堂已售出超过139 万个Labo 套件！,能粘在任何地方的工具箱,Grypmat 工具托盘,在空军担任F-16 武器机械师时，汤姆经常发现他的工具从飞机上滑落，于是他给自己设计出一款能够适应任何平面的工具托盘。,Grypmat 使用高性能、防滑、无磁性、抗化学腐蚀、抗静电的橡胶制成。最大的特点就是十分灵活，还可以吸附在任何的表面之上，无论是不规则的还是垂直竖立的，找不到放置的地方时，利用一下旁边的墙壁就可以了！,清洁起来也极其容易，不用担心用久了就脏兮兮的。,他们已经找到了各种专业的客户，从外科医生到珠宝制造商，40 美元的定价，非常有市场。,看到这里是不是觉得意犹未尽？下次发文可查看完整50 项发明。,曾经，大部分人的对发明的想象可能还停留在例如飞机、手机、电视机、电脑这些高科技的东西。随着现代科技的发展、创新形态的改变，从无到有颠覆人们生活的发明渐渐变少了，更多的是基于现有产品的改良和创新。,这50 项突破性的发明从一些微小的细节改变了用户体验，是发明者对生活的细心观察和思考。他们改变着我们生活，工作，娱乐和思考的方式，以及那些不易察觉的我们看世界的方式。发明者在注重功能性的同时，又兼顾了产品的美观性，还帮助人们看到了自己内心和身体的需求。他们通过无处不在的生活细节改变着我们习以为常的枯燥环境。,不知道大家有没有发现一点，美国评选出来的产品，不仅有想法有创意，而且都是成功落地的商品，并且迅速获得了市场。,从获得了九百万投资的3D 打印住房，或是销量百万的环保甘蔗拖鞋来看，产品的商业价值和社会价值都很重要。而在未来产品上，对用户体验以及产品之外的附加价值的关注，无疑是未来新制造的必然要求。这值得新制造人们学习和关注。,
      ,
    ,
",http://news.ifeng.com/a/20181230/60219282_0.shtml,2018年12月30日 22:56:26,http://news.ifeng.com/world/,美国《时代周刊》: 2018年全球 50 大最佳发明
国税总局公号,大陆,"
,
    ,
        ,
        ,
        ,
    ,
    ,
       ,
        ,原标题：关于【个人所得税】APP安全下载的提示,经查，“税务总局【个人所得税】APP存在62例木马”为误传。自税务总局官方【个人所得税】APP上线以来，未发现存在木马病毒问题。税务总局一直以来高度重视【个人所得税】APP安全，将继续采取各种手段加强安全监测和保护。,在此提醒各位纳税人，请通过国家税务总局（www.chinatax.gov.cn）和各省税务局官网，以及主要手机应用市场下载税务总局发布的【个人所得税】APP。请警惕来历不明的二维码链接，如发现可疑程序，请及时向税务机关反映，我们将第一时间快速处理。,早前报道,个税APP上线首日已发现62例木马,近日，360官方宣布其旗下的360烽火实验室发现“个人所得税App”已经被恶意广告木马盯上，,仅仅在上线第一天（12月27日），就从中检测出了62例伪装木马病毒,。该实验室专家还同时预测元旦之后伪装木马病毒将迎来爆发式增长。,众所周知，自2019年1月1日开始，个人所得税增加6项专项附加扣除费用。“个人所得税”App软件的上线是便于大家在移动端填写专项附加扣除信息。这样覆盖面极广、刚需性极强的App收获了极高下载量——上线一天登顶安卓、苹果双平台下载量排行榜。,因此也被心有歹念的不法分子盯上。,360安全团队称“个人所得税App”上线一天，就已检测到62例伪装木马样本，预计元旦之后随着各大企业逐渐推进专项附加扣除信息的填写申报，“个人所得税App”会持续下载高峰。,所以大家尽量不要从不明来源的站点、不明来源的商店以及二维码下载该App。否则极有可能中招伪装木马。360烽火实验室称，此类木马一经感染有以下危害：,私自发短信的恶意行为；扣费提示不明显导致恶意扣费；个人隐私泄露；遭受捆绑广告困扰,。,我们建议大家通过各大手机官方应用商店，以及各地税务部门官方网站扫描二维码下载“个人所得税”App。,
      ,
    ,
",http://news.ifeng.com/a/20181230/60219180_0.shtml,2018年12月30日 19:46:01,http://news.ifeng.com/mainland/,国税总局回应“个税App存在62例木马”
中国军网,大陆,"
,
    ,
        ,
        ,原标题：谢谢你，中国军人！用热血为我们守候一方安宁 　　2018即将结束 　　这一年 　　你过得好吗,
        ,
    ,
    ,
       ,
        ,原标题：谢谢你，中国军人！用热血为我们守候一方安宁,2018即将结束,这一年,你过得好吗？,也许你在无人的夜里悄悄流下眼泪,也许你在生活的艰难中快撑不下去,生活从来不是顺遂的,当你在困惑迷茫的时候,不要忘记,他们正在用一腔热血,为你守候一方安宁,年终特刊：我们的2018,哪有什么岁月静好,只是有人在替你负重前行,心中有光，必然生辉,2018即将画上句号,无论生活辉煌与失意,这一年，请不要忘记,一个又一个为你守望的人,
      ,
    ,
",http://news.ifeng.com/a/20181230/60219215_0.shtml,2018年12月30日 20:10:03,http://news.ifeng.com/mainland/,谢谢你，中国军人！用热血为我们守候一方安宁
环球网,大陆,"
,
    ,
        ,
        ,原标题：看到这组数据，我们或许可以找到华为被盯上的原因今天，有自媒体公号发布了一篇名为《2018年度,
        ,
    ,
    ,
       ,
        ,原标题：看到这组数据，我们或许可以找到华为被盯上的原因,今天，有自媒体公号发布了一篇名为《2018年度中国研发投入100强企业排行榜》的文章。文章称，欧盟委员会(EU)发布了《2018年欧盟工业研发投资排名》(The 2018 EU Industrial R&D Investment Scoreboard)，对全球46个国家和地区的2500家主要企业2017会计年度研发投入进行了调查。中国华为以113.34亿欧元(约合人民币891.1698亿元)的研发投入名列中国企业之首，在全球名列第五位。跻身百强榜的中国企业(含台湾地区)共有11家。,真的假的？,我们去欧盟委员会查了查，还真有这个《2018年欧盟工业研发投资排名》。里面也提供了翔实可查的数据和排名。,这份报告对全球46个国家和地区的2500家公司在2017-2018年度的研发投资情况进行了汇总。在上榜的2500家公司中，中国有438家公司，美国为778家，欧盟为577家，日本则是339家。,而在全球研发投资排名前50的这一项中，中国的华为排在三星、字母表公司、大众汽车集团以及微软之后，位列第5。华为的竞争对手苹果和高通，则分别排在第7位和第28位。就排名涨幅而言，华为在2004年到2018年的14年间，排名跃升超过200位。而苹果则是97位，高通64位。,此外，在中国公司中，华为的研发投入也是第一名。超过了百度、阿里巴巴和腾讯在研发方面投资的总和。其中，阿里巴巴229.122亿元人民币排名第2(全球排名51)。腾讯175.7亿元人民币排第3(全球排名61)，百度130.3652亿元人民币排第5(全球排名81)。经过计算，华为的研发投入约为BAT三家总和的1.67倍。,华为：2017-2018年研发投入891.1698亿元人民币,腾讯：2017-2018年研发投入175.7亿元人民币,阿里巴巴：2017-2018年研发投入229.122亿元人民币,百度：130.3652亿元人民币,除了百度、腾讯和阿里巴巴之外，进入中国排名前100的中国公司还有网易、乐视和新浪，他们分别排在第27名(网易，44.03亿元人民币，全球排名第235名)、(乐视，18.71亿人民币，全球排名第464)、(新浪，17.53亿元人民币，全球排名第494名)。,在中国公司当中，只有华为、百度、阿里巴巴和腾讯进入了前100名，而华为研发的总投资额(891.1698亿元人民币)约为上面所有其他中国公司总投资额(597.9272亿元人民币)的1.5倍。在这些中国公司中，目前也只有华为一家进入了全球排名的前10。,而相对的，国外的企业当中谷歌母公司字母表(Alphabet)在2017-2018年的研发投入是1052.59亿元人民币(全球排名第2名)，脸书(facebook)是508.33亿人民币(全球排名第15名)，亚马逊(Amazon)是25.87亿人民币(全球排名第343名)，推特公司是42.85亿人民币(全球排名第238名),商务部国际贸易经济合作研究院研究员梅新育在接受环球网记者采访时表示，华为，中兴这些中国电信设备企业从一开始就是研发投入“相当高的”。比如中兴就是一直将10%的营业收入作为研发投入。华为现在已经做到世界第一大电信设备厂商，它的营业收入是电信设备厂商里最大的，而且由于电信设备制造行业是全世界技术进步最快的产业之一，如果没有高强度的研发投入，企业也不可能脱颖而出，因此排名高是正常的。,华为最近一直受到国外特别是美国的打压，华为在研发上的高额投入是否也构成了外国打压华为的一个原因之一？对于这一问题，梅新育表示，华为在技术上投入高，其研究成果造成了国外对其的打压，只能说是“匹夫无罪，怀璧其罪”。,
      ,
    ,
",http://news.ifeng.com/a/20181230/60219165_0.shtml,2018年12月30日 18:10:24,http://news.ifeng.com/mainland/,看到这组数据 或许可以找到华为被盯上的原因
八处,大陆,"
,
    ,
        ,
        ,
        ,
    ,
    ,
       ,
        ,原标题最高法院：补回来的是卷宗，补不回来的是公信力,最高法院原以为这个元旦节假日，能给他们最好的喘息。,没想到“游侠”《华夏时报》的公众号又捅了一篇文章，将一名自称最高法院法官王林清的视频给发了出来。此前“游侠”《中国经营报》的文章虽然显山露水，但是还有一点半抱琵琶半遮面。显然，《华夏时报》的接力棒很及时。,看到这个视频，给小崔提着的心终于放了下来。以下就是视频所说的文字版：,我想通过这个视频的目的，就是要给自己、为保护自己，免遭不测，留下一些证据。,我想先说的第一个案件，就是在2018年2月份被中央电视台两次报道过的，陕西榆林凯奇莱公司和西安地质勘察院的合作勘查合同纠纷。,这个案件发生在2003年，当我写判决书的时候，我打开工作柜，准备拿出一审卷、二审卷的时候，要写判决的时候，我突然发现，厚厚一摞子的一审案卷都在，而二审的一本正卷和一本副卷竟然不翼而飞了。这个案件多么的重大，如果这个案卷一丢，我可能就会被开除了。所以当时，我当时就懵了。我赶紧把办公室的边边角角、犄角旮旯全部找了好几遍，根本就没有见到这两本卷的下落。,我又赶紧跑去向程（新文）庭长报告，程庭长倒是表现得相当的镇静，说让我回去再好好找找。回来以后，我又找了办公室十几遍，还是没找到。我想到了我们院在我们的办公区的每一层都安装了若干个摄像头，而我办公室门口外正好有一个，在我办公室的走廊尽头还有一个监控，等于有两个监控。于是我赶紧找到程庭长，要求调取监控摄像，查看我丢卷的那几天到底有没有什么人到我办公室把卷宗拿走了。,程庭长让我和保卫处联系好了以后，程庭长中午就自己一个人去调取了监控录像，我就焦急地等在程庭长办公室门口。,下午2点多，程庭长调取监控回来以后，我赶紧问怎么样，有没有什么线索。程庭长说，监控录像能够显示出我那天第三次汇报以后，带着卷宗回到了自己的办公室，我把卷宗放到办公室以后，一会我就空着手走出了办公室，进了一个同……第二天监控就坏了，我一听就感觉这个事情非常蹊跷，监控怎么可能说坏就坏，而且是安装不久的监控，并且我的办公室门口有两个监控，坏一个也不可能两个都坏呀。,看完这则视频后，这才知道为何崔永元爆料时夹着粗话，而且掷地有声，直接喊话最高法院院长周强。,▴崔永元微博截图,战火是这样烧起来的：2018年12月26日《中国经营报》报道引述知情人士说法称，在最高法院审理的“陕北千亿矿权案”的二审卷宗，已于2016年11月一次性丢失。第二天，最高法院通过《新京报》发声称，报道中“该案二审全部卷宗一次性丢失”“卷宗被盗两年无下落”的说法没有任何事实和证据证明，属于谣言，并在中国法院网进行了转载。第三天，最高人民法院又通过澎湃新闻发声称：“欢迎相关人士查阅正卷。”,一说卷宗丢失，一说卷宗存档，让离奇的“陕北千亿矿权案”再次备受关注。目前《中国经营报》和澎湃新闻的报道都被各自媒体删除，最高法院转载的《新京报》报道也从中国法院网上消失。分析人士认为，最高法院内部或对此事的处理意见不一致。,最高法院如此“嘴硬”，显然是胸有成竹的。一句“欢迎相关人士查阅正卷”，说明卷宗就是躺在最高法院的“案管室”。躺在最高法院的卷宗说明3个原因：第一卷宗从未丢失；第二卷宗失而复得；第三，卷宗丢失后，最高法院想办法再补一份卷宗。,但是崔永元显然也有他的战术，他在爆料的时候，显然已经掌握了上述法官王林清的视频，所以他才信心满满信誓旦旦。,果不其然最高法院就上当了，马上指责媒体和崔永元是造谣。随后又删除对对方的指责，显然自己打自己耳光。,崔永元的组合拳已经很熟练了，拿范冰冰已练就一手好拳，显然我们过高的估计了最高法院的水平和智商了。,写到这八哥突然想到大概是今年全国法院系统换新装的一张图片，当时大约是北京某基层法院拍了一组照片，3名俊男靓女法官身穿新款法官制服，意气奋发的走在路上。,▴来源：网络,八哥看到这差点喷饭，两名女法官中间夹着一名男法官，男法官蹭黑发亮的皮鞋下面是黄色的带着条纹的地砖，显然那就是“盲道”，你说法官你不尊重盲人也就算了，你说你不懂这叫盲道也没啥，甚至最高法院的自媒体竟然也转了这张照片，我觉得这都没关系。八哥最害怕的是法官们一条盲道走下来，将怎么办理案件呢？,关于最高人民法院案卷一事，小崔提供大家一个思考线路：,案卷究竟丢失没丢失？是丢了还是被盗走？是外人盗走了？还是自己人干的？如果是外人盗的为什么不报案？如果是自己人干的用意何在？有人指使吗？什么目的？案卷丢了为何领导不着急？为什么马上发辟谣声明？为什么辟谣声明第二天也丢了？,最高法院在12月29日发表声明，最高法院机关纪委已经启动调查程序。,▴截图来源：最高人民法院官微,全国多少基层法院的法官们都在看着最高法院如何化解这次事件，也在学习着他们最高法院的一招一式。从目前事件进展来看，最高法院没有报警，显然不是外贼所为，那么内鬼窃取卷宗至少应该是腐败再严重就是犯罪了。,司法腐败是最大的腐败。孤陋寡闻的笔者一直以为崔永元是娱乐圈的人，他仅仅是在戏子之间给大家创造八卦供我们茶余饭后消遣。,当我们严肃的法律以及作为法律最高载体和执行者的最高人民法院，都变成小崔娱乐的对象时，不知道是谁的悲哀？又有几个人能笑得出来？,法网恢恢疏而不漏，我们一直这样形容法律对于坏人的制裁。我想，这句话这次用到最高法院身上，不会不比新款制服合体吧？,
      ,
    ,
",http://news.ifeng.com/a/20181230/60219169_0.shtml,2018年12月30日 19:17:35,http://news.ifeng.com/mainland/,千亿矿权案卷宗失踪：补得回卷宗，补不回公信力
